,Genome,Genus,Species,AA10,AA3,CBM13,CBM3,CBM32,CBM34,CBM4,CBM48,CBM5,CBM63,CE1,CE11,CE12,CE2,CE4,CE8,CE9,GH1,GH102,GH103,GH104,GH105,GH108,GH12,GH13,GH153,GH18,GH19,GH2,GH20,GH23,GH24,GH26,GH28,GH3,GH30,GH31,GH32,GH33,GH36,GH38,GH4,GH42,GH43,GH5,GH53,GH65,GH68,GH73,GH77,GH78,GH8,GH88,GH91,GH94,GT1,GT11,GT14,GT19,GT2,GT20,GT25,GT26,GT28,GT30,GT32,GT35,GT4,GT41,GT5,GT51,GT52,GT56,GT73,GT8,GT81,GT83,GT84,GT9,GT97,PL1,PL10,PL11,PL17,PL2,PL22,PL26,PL3,PL4,PL9
0,GCF_016864935.1,Pectobacterium,parmentieri,0,0,1,1,1,0,0,2,0,1,1,1,1,0,1,2,2,7,1,1,0,2,0,1,3,1,0,0,1,0,6,0,0,3,3,0,1,1,1,1,0,0,2,3,1,2,1,0,1,1,0,1,0,0,0,1,0,0,1,9,0,1,1,1,1,1,2,4,0,1,3,1,1,0,2,0,1,0,3,0,5,0,0,0,1,1,1,1,1,2
1,GCF_000365365.1,Dickeya,dianthicola,0,0,0,0,0,0,0,1,0,2,1,1,1,1,0,2,1,4,1,2,2,2,0,0,2,0,0,1,1,0,6,0,0,3,3,0,1,2,1,1,0,0,1,1,2,1,0,0,1,1,0,1,0,1,1,2,0,0,1,6,0,0,1,1,1,0,2,5,1,1,3,0,1,0,0,0,1,1,4,0,6,0,0,0,0,1,0,2,1,3
2,GCF_003932035.1,Pectobacterium,carotovorum,0,0,1,0,1,0,0,2,0,1,1,1,1,0,0,2,1,10,1,2,0,2,0,1,3,0,0,0,1,0,6,1,0,4,2,0,1,1,1,1,0,1,1,2,1,2,0,0,1,1,0,1,0,0,1,0,0,0,1,5,0,0,1,1,1,0,2,4,1,1,3,0,1,0,2,1,1,1,4,0,6,0,0,0,2,1,1,2,1,2
3,GCF_016864995.1,Pectobacterium,carotovorum,0,0,0,0,1,0,0,2,0,1,1,1,1,0,0,2,1,10,1,2,0,2,0,1,3,0,0,0,1,0,5,2,0,4,2,0,1,1,1,1,0,1,1,2,1,2,0,0,1,1,0,1,0,0,1,0,0,0,1,5,0,0,1,1,1,0,2,4,1,1,3,0,1,0,0,1,1,1,3,0,6,0,0,0,2,1,1,2,1,2
4,GCF_003402555.1,Pectobacterium,carotovorum,0,0,1,0,1,0,0,2,0,1,1,1,1,0,0,2,1,10,1,1,0,2,2,1,3,0,0,0,1,0,7,0,0,4,2,0,1,1,1,1,0,1,1,2,1,2,0,0,1,1,0,1,0,0,1,0,0,0,1,5,0,0,1,1,1,1,2,2,1,1,3,0,1,0,1,0,1,1,3,0,6,0,0,0,2,1,1,2,1,2
5,GCF_900095885.1,Dickeya,aquatica,0,0,0,0,0,0,0,1,0,1,1,1,1,0,0,1,2,4,1,1,3,2,0,0,1,0,0,1,1,0,4,0,0,2,3,0,1,1,1,1,0,0,1,1,1,1,0,0,0,1,0,1,0,0,1,2,0,0,1,5,0,0,1,1,1,0,2,2,1,1,3,0,1,0,0,0,1,1,5,0,5,1,0,0,1,1,1,2,2,3
6,GCF_016950185.1,Pectobacterium,brasiliense,0,0,1,1,1,0,0,2,0,1,1,1,2,0,0,2,1,9,1,1,1,2,0,1,3,0,0,0,1,0,7,1,0,4,2,0,1,1,1,1,0,0,1,3,1,2,0,0,1,1,0,1,0,0,0,0,0,0,1,8,0,0,1,1,1,0,2,4,1,0,3,0,1,0,0,1,1,0,3,0,6,0,0,0,2,1,0,2,1,2
7,GCF_016944435.1,Pectobacterium,brasiliense,0,0,1,1,1,0,0,2,0,1,1,1,2,0,0,2,1,10,1,2,1,2,0,1,3,0,0,0,1,0,7,1,0,4,2,0,1,1,1,1,0,1,1,3,1,2,0,0,1,1,0,1,0,0,0,0,0,0,1,8,0,0,1,1,1,0,2,4,1,1,3,0,1,0,0,1,1,0,3,0,6,0,0,0,2,1,0,2,1,2
8,GCF_000294535.1,Pectobacterium,brasiliense,0,0,0,1,1,0,0,2,0,1,1,1,2,0,0,2,1,10,1,2,0,2,0,1,3,0,0,0,1,0,5,2,0,4,2,1,1,1,1,1,0,1,1,2,1,2,0,0,1,1,0,1,0,0,0,0,0,0,1,6,0,0,1,1,1,0,2,4,1,1,3,0,1,0,0,1,1,0,2,0,6,0,0,0,2,1,1,2,1,2
9,GCF_000400565.1,Dickeya,solani,0,0,0,0,0,0,0,1,0,0,1,1,1,0,0,2,0,5,1,2,1,2,0,0,2,0,0,2,1,0,5,0,1,4,3,1,1,1,1,1,0,0,1,1,1,2,0,0,1,1,0,1,0,0,0,2,0,0,1,11,0,0,1,1,1,0,2,7,1,1,3,0,1,0,0,1,1,0,4,0,7,0,0,0,1,1,1,2,1,2
10,GCF_000808315.1,Pectobacterium,brasiliense,0,0,1,1,1,0,0,2,0,1,1,1,2,0,0,2,1,10,1,2,0,2,0,0,3,0,0,0,1,0,5,0,0,4,2,0,1,1,1,1,0,1,1,2,1,2,0,0,1,1,0,1,0,0,0,0,0,0,1,5,0,0,1,1,1,0,2,4,1,1,4,0,1,0,0,1,1,0,3,0,6,0,0,0,2,1,0,2,1,2
11,GCF_009873295.1,Pectobacterium,brasiliense,0,0,1,1,1,0,0,2,0,1,1,1,1,0,0,2,1,11,1,1,0,2,0,1,4,0,0,0,1,0,7,1,0,4,2,0,1,2,1,1,0,2,1,2,1,2,0,0,1,1,0,1,0,0,0,0,0,0,1,7,0,0,1,1,1,0,2,1,1,1,3,0,1,0,1,1,1,0,3,0,6,0,0,0,2,1,1,2,1,2
12,GCF_000147055.1,Dickeya,dadantii,0,0,0,0,0,0,0,2,0,1,1,1,1,0,0,2,1,5,1,2,2,2,0,0,2,0,0,2,1,0,5,1,1,5,3,1,1,1,2,1,0,0,1,1,1,1,0,0,1,1,0,1,0,0,0,2,0,0,1,8,0,0,1,1,1,0,2,5,1,1,3,0,1,0,0,1,1,0,4,0,7,0,0,0,1,1,1,2,1,3
13,GCF_016950275.1,Pectobacterium,parmentieri,0,0,1,1,1,0,0,2,0,1,1,1,1,0,1,2,2,7,1,1,0,2,0,1,3,1,0,0,1,0,6,0,0,3,3,0,1,1,1,1,0,0,2,3,1,2,1,0,1,1,0,1,0,0,0,1,1,0,1,9,0,0,1,1,1,0,2,4,0,1,3,0,1,0,2,0,1,0,3,0,5,0,0,0,2,1,1,1,1,2
14,GCF_000406325.1,Dickeya,zeae,0,0,0,0,0,0,0,1,0,1,1,1,1,0,0,1,1,3,1,2,1,3,0,0,2,0,0,1,1,0,5,2,0,3,3,1,1,1,2,1,0,0,0,0,1,0,0,0,1,1,0,1,0,0,0,1,0,0,1,10,0,0,1,1,1,0,2,7,1,1,3,0,1,0,0,1,1,0,4,0,7,0,0,0,1,1,0,2,2,3
15,GCF_003403135.1,Dickeya,dianthicola,0,0,0,0,0,0,0,1,0,2,1,1,1,1,0,2,1,5,1,2,1,2,0,0,2,0,0,2,1,0,8,1,0,3,3,0,1,2,1,1,0,0,1,1,2,1,0,0,1,1,0,1,0,1,1,2,0,0,1,8,0,0,1,1,1,0,2,5,1,1,3,0,1,0,0,1,1,1,4,0,6,0,0,0,1,1,1,2,2,3
16,GCF_000808255.1,Pectobacterium,brasiliense,0,0,0,1,1,0,0,2,0,1,1,1,2,0,0,2,1,12,1,2,0,2,0,0,3,0,0,0,1,0,6,1,0,4,2,0,1,1,1,1,0,1,1,2,1,2,0,0,1,1,0,1,0,0,0,0,0,0,1,8,0,0,1,1,1,0,2,1,0,1,3,0,1,0,1,1,1,0,4,0,6,0,0,0,2,1,0,2,1,2
17,GCF_014642955.1,Dickeya,fangzhongdai,0,0,0,0,0,0,0,2,0,1,1,1,1,0,0,2,1,5,1,2,1,2,0,0,2,0,0,2,0,0,5,1,1,3,3,1,1,1,2,1,0,0,1,1,1,1,0,0,1,1,0,1,0,0,0,1,0,0,1,9,0,0,1,1,1,0,2,8,1,1,3,0,1,0,0,1,1,0,4,0,7,1,0,0,1,1,1,2,1,3
18,GCF_016949525.1,Pectobacterium,brasiliense,0,0,1,1,1,0,0,2,0,1,1,1,2,0,0,2,1,10,1,2,1,2,0,1,3,0,0,0,1,0,7,1,0,4,2,0,1,1,1,1,0,1,1,3,1,2,0,0,1,1,0,1,0,0,0,0,0,0,1,8,0,0,1,1,1,0,2,4,1,1,3,0,1,0,0,1,1,0,3,0,6,0,0,0,2,1,0,2,1,2
19,GCF_003031305.1,Pectobacterium,carotovorum,0,0,0,0,1,0,0,2,0,1,1,1,1,0,0,2,1,10,1,2,0,2,1,1,3,0,0,0,1,0,6,0,0,4,1,0,1,1,1,1,0,1,1,2,1,2,0,0,1,1,0,1,0,0,1,0,0,0,1,5,0,0,1,1,1,0,2,4,1,1,3,0,1,0,2,1,1,1,3,0,6,0,0,0,2,1,1,2,1,2
20,GCF_016949595.1,Pectobacterium,brasiliense,0,0,1,1,1,0,0,2,0,1,1,1,2,0,0,2,1,10,1,2,1,2,0,1,3,0,0,0,1,0,7,1,0,4,2,0,1,1,1,1,0,1,1,3,1,2,0,0,1,1,0,1,0,0,0,0,0,0,1,8,0,0,1,1,1,0,2,4,1,1,3,0,1,0,0,1,1,0,3,0,6,0,0,0,2,1,0,2,1,2
21,GCF_016949795.1,Pectobacterium,brasiliense,0,0,0,1,1,0,0,2,0,1,1,1,2,0,0,2,1,10,1,1,0,2,0,0,3,0,0,0,1,0,7,2,0,4,2,0,1,1,1,1,0,1,1,2,1,2,0,0,1,1,0,1,0,0,0,0,0,0,1,5,0,0,1,1,1,0,2,2,0,1,3,0,1,0,1,1,1,0,3,0,6,0,0,0,2,1,1,2,1,2
22,GCF_014164815.1,Pectobacterium,carotovorum,0,0,0,0,1,0,0,2,0,1,1,1,1,0,0,2,1,9,1,2,0,2,0,1,3,0,0,0,1,0,6,1,0,4,2,0,1,1,1,1,0,1,1,2,1,2,0,0,1,1,0,1,0,0,0,0,0,0,1,8,0,0,1,1,1,0,2,1,1,1,3,0,1,0,1,1,1,0,2,0,6,0,1,0,2,1,1,2,1,2
23,GCF_000738105.1,Pectobacterium,brasiliense,0,0,1,1,1,0,0,2,0,1,1,1,2,0,0,2,1,10,1,2,0,2,0,0,3,0,0,0,1,0,6,1,0,4,2,0,1,1,1,1,0,1,1,2,1,2,0,0,1,1,0,1,0,0,0,0,0,0,1,5,0,0,1,1,1,0,2,4,1,1,3,0,1,0,0,1,1,0,3,0,6,0,0,0,2,1,0,2,1,2
24,GCF_001187965.2,Dickeya,fangzhongdai,0,0,0,0,0,0,1,2,0,1,1,1,1,0,0,2,1,5,1,2,1,2,0,0,2,0,0,2,1,0,5,0,1,3,3,1,1,1,2,1,0,0,1,1,1,1,0,0,1,1,0,1,0,0,0,2,0,0,1,10,0,0,1,1,1,0,2,8,1,1,3,0,1,0,0,1,1,0,4,0,7,1,0,0,1,1,1,2,1,3
25,GCF_015689195.1,Pectobacterium,aroidearum,0,0,1,0,1,0,0,2,0,1,1,1,1,0,1,2,1,9,1,2,0,2,0,1,3,1,0,0,1,0,7,1,0,5,2,0,1,1,1,1,0,1,1,2,1,2,0,0,1,1,0,1,1,0,0,1,0,0,1,9,0,0,1,1,1,0,2,1,1,1,3,0,1,0,3,1,1,0,4,0,6,0,0,0,2,1,1,2,1,2
26,GCF_016949375.1,Pectobacterium,brasiliense,0,0,1,1,1,0,0,2,0,1,1,1,2,0,0,2,1,10,1,2,1,2,0,1,3,0,0,0,1,0,7,1,0,4,2,0,1,1,1,1,0,1,1,3,1,2,0,0,1,1,0,1,0,0,0,0,0,0,1,8,0,0,1,1,1,0,2,4,1,1,3,0,1,0,0,1,1,0,3,0,6,0,0,0,2,1,0,2,1,2
27,GCF_003628595.1,Pectobacterium,parmentieri,0,0,1,1,1,0,0,2,0,1,1,1,1,0,1,2,2,7,1,1,0,2,0,1,3,1,0,0,1,0,5,0,0,3,3,0,1,1,1,1,0,0,2,3,1,2,1,0,1,1,0,1,0,0,0,1,1,0,1,9,0,1,1,1,1,1,2,3,0,1,3,0,1,0,2,0,1,0,3,0,5,0,0,0,2,1,1,1,1,2
28,GCF_016949035.1,Pectobacterium,carotovorum,0,0,0,0,1,0,0,2,0,1,1,1,1,0,0,2,1,10,1,2,0,2,0,1,3,0,0,0,1,0,8,1,0,4,2,0,1,1,1,1,0,1,1,2,1,2,0,0,1,1,0,1,0,0,1,0,0,0,1,5,0,0,1,1,1,0,2,4,1,1,3,0,1,0,0,1,1,1,3,0,6,0,0,0,2,1,1,2,1,2
29,GCF_000738115.1,Pectobacterium,brasiliense,0,0,1,1,1,0,0,2,0,1,1,1,2,0,0,2,1,10,1,2,0,2,0,0,3,0,0,0,1,0,6,2,0,4,2,1,1,1,1,1,0,1,1,3,1,2,0,0,1,1,0,1,0,0,0,0,0,0,1,6,0,0,1,1,1,0,2,3,0,1,3,0,1,0,1,1,1,0,4,0,6,0,0,0,2,1,1,2,1,2
30,GCF_000632375.1,Pectobacterium,parmentieri,0,0,1,1,1,0,0,2,0,1,1,1,1,0,1,2,2,7,1,1,0,2,0,1,3,1,0,0,1,0,6,0,0,3,3,0,1,1,1,1,0,0,2,3,1,2,1,0,1,1,0,1,0,0,0,1,1,0,1,9,0,0,1,1,1,0,2,4,0,1,3,0,1,0,2,0,1,0,3,0,5,0,0,0,2,1,1,1,1,2
31,GCF_000406185.1,Dickeya,dadantii,0,0,0,0,0,0,0,2,0,1,1,1,1,0,0,1,1,5,1,2,1,2,0,0,2,0,0,1,1,0,5,1,1,4,3,0,1,1,2,0,0,0,1,1,1,1,0,0,2,1,0,1,0,0,0,2,0,0,1,10,0,0,1,1,1,0,2,8,1,1,3,0,1,0,1,1,1,0,4,0,6,0,0,0,1,1,1,2,1,3
32,GCF_016949315.1,Pectobacterium,brasiliense,0,0,1,1,1,0,0,2,0,1,1,1,2,0,0,2,1,10,1,2,1,2,0,1,3,0,0,0,1,0,8,1,0,4,2,0,1,1,1,1,0,1,1,3,1,2,0,0,1,1,0,1,0,0,0,0,0,0,1,8,0,0,1,1,1,0,2,4,1,1,3,0,1,0,0,1,1,0,3,0,6,0,0,0,2,1,0,2,1,2
33,GCF_002921195.1,Dickeya,solani,0,0,0,0,0,0,0,1,0,1,1,1,1,0,0,2,1,5,1,2,1,2,0,0,2,0,0,2,1,0,5,0,1,3,3,1,1,1,1,1,0,0,1,1,1,1,0,0,1,1,0,1,0,0,0,2,0,0,1,11,0,0,1,1,1,0,2,7,1,1,3,0,1,0,0,1,1,0,4,0,7,0,0,0,1,1,1,2,1,3
34,GCF_016949855.1,Pectobacterium,brasiliense,0,0,0,1,1,0,0,2,0,1,1,1,2,0,0,2,1,10,1,2,0,2,0,0,3,0,0,0,1,0,5,1,0,4,2,1,1,1,1,1,0,1,1,2,1,2,0,0,1,1,0,1,0,0,0,0,0,0,1,5,0,0,1,1,1,1,2,1,1,1,3,0,1,0,2,1,1,0,3,0,6,0,0,0,2,1,1,2,1,2
35,GCF_013334145.1,Dickeya,solani,0,0,0,0,0,0,0,1,0,1,1,1,1,0,0,2,1,5,1,2,1,2,0,0,2,0,0,2,1,0,5,0,1,4,3,1,1,1,1,1,0,0,1,1,1,1,0,0,1,1,0,1,0,0,0,2,0,0,1,11,0,0,1,1,1,0,2,7,1,1,3,0,1,0,0,1,1,0,4,0,7,0,0,0,1,1,1,2,1,3
36,GCF_000406065.1,Dickeya,chrysanthemi,0,0,0,0,0,0,0,2,0,1,1,1,1,0,0,2,1,5,1,2,3,2,0,0,2,0,0,1,1,0,5,1,0,4,3,0,1,1,1,1,0,0,1,1,1,1,0,0,1,1,0,1,0,0,0,2,0,0,1,8,0,0,1,1,1,0,2,7,1,1,3,0,1,0,0,1,1,0,4,0,5,0,0,0,1,1,0,2,2,3
37,GCF_002764035.1,Pectobacterium,brasiliense,0,0,0,0,1,0,0,2,0,1,1,1,2,0,1,2,1,11,1,2,0,2,0,1,3,1,0,0,1,0,7,1,0,4,2,0,1,1,1,1,0,1,1,2,1,2,0,0,1,1,0,1,0,0,1,0,0,0,1,6,0,0,1,1,1,0,2,4,1,1,3,0,1,0,0,1,1,1,3,0,6,0,0,0,2,1,1,2,1,2
38,GCF_001506125.1,Dickeya,solani,0,0,0,0,0,0,0,1,0,1,1,1,1,0,0,2,1,5,1,2,1,2,0,0,2,0,0,2,1,0,5,0,1,4,3,1,1,1,1,1,0,0,1,1,1,1,0,0,1,1,0,1,0,0,0,2,0,0,1,11,0,0,1,1,1,0,2,7,1,1,3,0,1,0,0,1,1,0,4,0,7,0,0,0,1,1,1,2,1,3
39,GCF_003628735.1,Pectobacterium,parmentieri,0,0,1,1,1,0,0,2,0,1,1,1,1,0,1,2,2,7,1,1,0,2,0,1,3,1,0,0,1,0,5,0,0,3,3,0,1,1,1,1,0,0,2,3,1,2,1,0,1,1,0,1,0,0,0,1,1,0,1,9,0,0,1,1,1,0,2,4,0,1,3,0,1,0,2,0,1,0,3,0,5,0,0,0,2,1,1,1,1,2
40,GCF_009372235.1,Dickeya,oryzae,0,0,0,0,0,0,0,1,0,0,1,1,1,0,0,1,1,5,1,1,1,3,0,0,2,0,0,1,2,0,6,0,0,2,3,1,1,1,2,1,0,0,1,0,1,1,0,0,1,1,0,1,0,0,0,1,0,0,1,8,0,0,1,1,1,0,2,4,1,1,3,0,1,0,0,1,1,0,4,0,7,0,0,0,1,1,0,1,1,3
41,GCF_014946805.1,Pectobacterium,aquaticum,0,0,0,0,1,0,0,2,0,1,1,1,1,0,0,1,1,9,1,1,0,2,0,0,2,0,0,0,1,0,7,2,0,3,2,0,1,1,1,1,1,1,1,2,1,2,0,0,1,1,0,0,0,0,1,0,0,0,1,3,0,0,1,1,1,0,2,1,0,1,3,0,1,0,1,0,0,1,3,0,4,0,0,0,2,1,1,1,1,2
42,GCF_000406265.1,Dickeya,dadantii,0,0,0,0,0,0,0,1,0,1,1,1,1,0,0,2,1,5,1,2,1,2,0,0,2,0,0,2,1,0,5,0,1,2,3,1,1,1,2,1,0,0,1,1,1,1,0,0,1,1,0,1,0,0,0,1,0,0,1,10,0,0,0,1,1,0,2,5,1,1,3,0,0,0,0,1,1,0,4,0,7,0,0,0,1,1,1,3,1,3
43,GCF_003990515.2,Pectobacterium,brasiliense,0,0,1,1,1,0,0,2,0,1,1,1,2,0,0,2,1,10,1,2,1,2,0,1,3,0,0,0,1,0,7,1,0,4,2,0,1,1,1,1,0,1,1,3,1,2,0,0,1,1,0,1,0,0,0,0,0,0,1,8,0,0,1,1,1,0,2,4,1,1,3,0,1,0,0,1,1,0,3,0,6,0,0,0,2,1,0,2,1,2
44,GCF_016949355.1,Pectobacterium,brasiliense,0,0,1,1,1,0,0,2,0,1,1,1,2,0,0,2,1,10,1,2,1,2,0,1,3,0,0,0,1,0,8,1,0,4,2,0,1,1,1,1,0,1,1,3,1,2,0,0,1,1,0,1,0,0,0,0,0,0,1,8,0,0,1,1,1,0,2,4,1,1,3,0,1,0,0,1,1,0,3,0,6,0,0,0,2,1,0,2,1,2
45,GCF_003628775.1,Dickeya,fangzhongdai,0,0,0,0,0,0,1,2,0,1,1,1,1,0,0,2,1,5,1,2,1,2,0,0,2,0,0,2,1,0,5,1,1,3,3,1,1,1,2,1,0,0,1,1,1,1,0,0,1,1,0,1,0,0,0,2,0,0,1,9,0,0,1,1,1,0,2,8,1,1,3,0,1,0,0,1,1,0,4,0,7,1,0,0,1,1,1,1,1,3
46,GCF_000406125.1,Dickeya,poaceiphila,0,1,0,0,0,0,0,1,0,0,1,1,1,0,0,1,1,3,1,1,3,1,0,0,2,0,0,0,1,0,6,1,0,1,3,0,1,1,2,1,0,0,0,0,0,0,0,0,1,1,0,1,0,0,0,1,0,0,1,11,0,0,1,1,1,0,2,5,1,1,3,0,0,0,0,1,1,0,4,0,2,0,0,0,1,1,0,1,0,2
47,GCF_003382595.2,Pectobacterium,aquaticum,0,0,1,0,1,0,0,2,0,1,1,1,1,0,0,1,1,9,1,1,0,2,0,0,2,0,0,0,1,0,6,3,0,3,2,0,1,1,1,1,1,1,1,2,1,2,0,0,1,1,0,0,0,0,1,1,0,0,1,2,0,0,1,1,1,0,2,3,1,1,3,0,1,0,1,0,0,1,3,0,4,0,0,0,2,1,1,1,1,2
48,GCF_000365305.1,Dickeya,dianthicola,0,0,0,0,0,0,0,1,0,2,1,1,1,1,0,2,1,5,1,2,2,2,0,0,2,0,0,1,1,0,6,0,0,3,3,0,1,2,1,1,0,0,1,1,2,1,0,0,1,1,0,1,0,1,1,2,0,0,1,8,0,0,1,1,1,0,2,5,1,1,3,0,1,0,0,1,1,1,4,0,6,0,0,0,1,1,1,2,2,3
49,GCF_013450045.1,Pectobacterium,carotovorum,0,0,1,0,1,0,0,2,0,1,1,1,1,0,0,2,1,9,1,1,0,2,0,1,4,0,0,0,1,0,6,1,0,4,2,0,0,2,1,0,0,3,1,1,1,2,0,0,1,1,0,1,0,0,1,1,0,0,1,5,0,0,1,1,1,0,2,3,1,1,2,0,1,0,1,1,1,1,3,0,6,0,0,0,2,1,1,2,1,2
50,GCF_014946825.1,Pectobacterium,aquaticum,0,0,0,0,1,0,0,2,0,1,1,1,1,0,0,1,1,9,1,1,1,2,0,0,2,0,0,0,1,0,7,1,0,3,2,0,1,1,1,1,1,1,1,2,1,2,0,0,1,1,0,0,0,0,1,0,0,0,1,1,0,0,1,1,1,0,2,3,0,1,3,0,1,0,2,0,0,1,4,0,4,0,0,0,2,1,1,1,1,2
51,GCF_007210685.1,Dickeya,chrysanthemi,0,0,0,0,0,0,0,2,0,1,1,1,1,0,0,2,1,5,1,2,2,2,0,0,2,0,0,1,1,0,5,1,0,4,3,0,1,1,1,1,0,0,1,2,1,1,0,0,1,1,1,1,0,0,0,2,0,0,1,7,0,0,1,1,1,0,2,7,1,1,3,0,1,0,0,1,1,0,4,0,6,1,0,0,1,1,0,2,2,3
52,GCF_018904205.1,Dickeya,dadantii,0,0,0,0,0,0,0,2,0,1,1,1,1,0,0,2,1,5,1,2,1,2,0,0,2,0,0,2,1,0,5,2,1,5,3,1,1,1,2,1,0,0,1,2,1,1,0,0,1,1,0,1,1,0,0,2,0,0,1,12,0,0,1,1,1,0,2,5,1,1,4,0,1,0,0,1,1,0,4,0,8,0,0,0,0,0,1,2,1,3
53,GCF_003628575.1,Pectobacterium,parmentieri,0,0,1,1,1,0,0,2,0,1,1,1,1,0,1,2,2,8,1,1,0,2,0,1,3,1,0,0,1,0,6,0,0,3,3,0,1,1,1,1,0,0,2,3,1,2,1,0,1,1,0,1,0,0,0,1,0,0,1,10,0,0,1,1,1,0,2,4,0,1,3,0,1,0,2,0,1,0,3,0,5,0,0,0,2,1,1,1,1,2
54,GCF_001932635.1,Pectobacterium,brasiliense,0,0,1,0,1,0,0,2,0,1,1,1,2,0,0,2,1,11,1,2,0,2,0,0,3,0,0,0,1,0,7,1,0,4,2,0,1,1,1,1,0,1,1,2,1,2,0,0,1,1,0,1,0,0,0,0,0,0,1,6,0,0,1,1,1,0,2,3,0,1,3,0,1,0,1,1,1,0,4,0,6,0,0,0,2,1,0,2,1,2
55,GCF_000975305.1,Dickeya,dianthicola,0,0,0,0,0,0,0,1,0,2,1,1,1,1,0,2,1,5,1,2,2,2,0,0,2,0,0,1,1,0,6,0,0,3,3,0,1,2,1,1,0,0,1,1,2,1,0,0,1,1,0,1,0,1,1,2,0,0,1,8,0,0,1,1,1,0,2,5,1,1,3,0,1,0,0,1,1,1,4,0,6,0,0,0,1,1,1,2,2,3
56,GCF_013449685.1,Pectobacterium,brasiliense A,0,0,1,0,1,0,0,2,0,0,1,1,1,0,0,2,1,9,1,1,0,2,0,0,2,0,0,0,1,0,7,2,0,3,2,0,1,1,1,1,1,1,1,1,1,2,0,0,1,1,0,0,0,0,0,0,0,0,1,4,0,0,1,1,1,0,2,3,1,1,3,0,1,0,1,0,1,0,2,0,5,0,0,0,2,1,1,1,1,2
57,GCF_003600975.1,Dickeya,solani,0,0,0,0,0,0,0,1,0,1,1,1,1,0,0,2,1,5,1,2,1,2,0,0,2,0,0,2,1,0,5,0,1,3,3,1,1,1,1,1,0,0,1,1,1,1,0,0,1,1,0,1,0,0,0,2,0,0,1,11,0,0,1,1,1,0,2,7,1,1,3,0,1,0,0,1,1,0,4,0,7,0,0,0,1,1,1,2,1,3
58,GCF_018361145.1,Dickeya,dianthicola,0,0,0,0,0,0,0,1,0,2,1,1,1,1,0,2,1,5,1,2,1,2,0,0,2,0,0,2,1,0,8,1,0,3,3,0,1,2,1,1,0,0,1,1,2,1,0,0,1,1,0,1,0,1,1,2,0,0,1,8,0,0,1,1,1,0,2,5,1,1,3,0,1,0,0,1,1,1,4,0,6,0,0,0,1,1,1,2,2,3
59,GCF_016415585.1,Pectobacterium,carotovorum,1,0,0,0,1,0,0,2,0,0,1,1,1,0,0,2,1,9,1,1,0,2,0,0,3,0,0,0,1,0,5,1,0,4,3,0,1,1,1,1,0,1,1,2,1,1,0,0,1,1,0,1,0,0,0,1,0,1,1,6,0,1,1,1,1,0,2,2,1,1,3,0,1,0,1,0,1,0,4,0,6,0,0,0,2,1,0,2,1,2
60,GCF_000808455.1,Pectobacterium,brasiliense,0,0,1,1,1,0,0,2,0,1,1,1,1,0,0,2,1,10,1,2,0,2,0,0,3,0,0,0,1,0,5,1,0,4,2,0,1,1,1,1,0,1,1,2,1,2,0,0,1,1,0,1,0,0,0,0,0,0,1,5,0,0,1,1,1,0,2,4,1,1,4,0,1,0,0,1,1,0,3,0,6,0,0,0,2,1,0,2,1,2
61,GCF_001984525.1,Pectobacterium,actinidiae,0,0,1,1,1,0,0,2,0,1,1,1,1,0,0,2,1,11,1,1,0,2,0,1,4,0,0,0,0,0,8,1,0,3,2,0,0,2,1,1,0,2,2,1,1,2,0,0,1,1,0,1,1,0,1,1,0,0,1,7,1,0,1,1,1,0,2,1,0,1,3,0,1,0,1,1,1,1,3,0,6,0,1,0,2,1,1,2,1,2
62,GCF_002288545.1,Pectobacterium,polaris,0,0,1,0,1,0,0,2,0,1,1,1,1,0,0,2,1,10,1,2,0,2,0,0,3,0,0,0,1,0,5,1,0,4,2,0,1,1,1,1,0,1,1,2,1,2,0,0,1,1,1,1,0,0,0,0,0,0,1,6,0,0,1,1,1,0,2,4,1,1,3,0,1,0,0,1,1,0,3,0,6,0,1,0,2,1,1,2,1,2
63,GCF_002921275.1,Pectobacterium,carotovorum,0,0,1,0,1,0,0,2,0,1,1,1,1,0,0,2,1,10,1,2,0,2,0,1,3,0,0,1,1,0,5,1,0,4,2,0,1,1,1,1,0,1,1,2,1,2,0,0,1,1,0,0,0,0,1,0,0,0,1,5,0,0,1,1,1,0,2,4,1,1,3,0,1,0,0,0,1,1,3,0,6,0,0,0,2,1,1,2,1,2
64,GCF_016944275.1,Pectobacterium,brasiliense,0,0,1,1,1,0,0,2,0,1,1,1,2,0,0,2,1,10,1,2,1,2,0,1,3,0,0,0,1,0,8,1,0,4,2,0,1,1,1,1,0,1,1,3,1,2,0,0,1,1,0,1,0,0,0,0,0,0,1,8,0,0,1,1,1,0,2,4,1,1,3,0,1,0,0,1,1,0,3,0,6,0,0,0,2,1,0,2,1,2
65,GCF_016404945.1,Dickeya,solani,0,0,0,0,0,0,0,1,0,1,1,1,1,0,0,2,1,5,1,2,1,2,0,0,2,0,0,2,1,0,5,0,1,2,3,1,1,1,1,1,0,0,1,1,1,1,0,0,1,1,0,1,0,0,0,2,0,0,1,11,0,0,1,1,1,0,2,7,1,1,3,0,1,0,0,1,1,0,4,0,7,0,0,0,1,1,1,2,1,3
66,GCF_001417915.1,Dickeya,solani,0,0,0,0,0,0,0,1,0,1,1,1,1,0,0,2,1,5,1,2,1,2,0,0,2,0,0,2,1,0,5,0,1,4,3,1,1,1,1,1,0,0,1,1,1,1,0,0,1,1,0,1,0,0,0,2,0,0,1,11,0,0,1,1,1,0,2,7,1,1,3,0,1,0,0,1,1,0,4,0,7,0,0,0,1,1,1,2,1,3
67,GCF_007858975.2,Dickeya,poaceiphila,0,1,0,0,0,0,0,1,0,0,1,1,1,0,0,1,1,3,1,2,3,1,0,0,2,0,0,0,1,0,6,1,0,1,3,0,1,1,2,1,0,0,0,0,0,0,0,0,1,1,0,1,0,0,0,1,0,0,1,11,0,0,1,1,1,0,2,6,1,1,3,0,1,0,0,1,1,0,4,0,2,0,0,0,1,1,0,1,0,2
68,GCF_018219365.1,Pectobacterium,carotovorum,0,0,1,0,1,0,0,2,0,1,1,1,1,0,0,2,1,10,1,2,1,2,1,1,3,0,0,0,1,0,7,3,0,4,2,0,1,2,1,1,0,1,1,2,1,2,0,0,1,1,0,1,0,0,1,0,0,0,1,5,0,0,1,1,1,0,2,5,1,1,3,0,1,0,2,1,1,1,3,0,6,0,0,0,2,1,1,2,1,2
69,GCF_012278555.1,Dickeya,zeae,0,0,0,0,0,0,0,1,0,1,1,1,1,0,0,1,1,5,1,2,1,3,0,0,2,0,0,1,1,0,4,0,1,2,3,1,1,1,2,1,0,0,1,0,1,1,0,0,1,1,0,1,0,0,0,1,0,0,1,10,0,0,1,1,1,0,2,6,1,1,3,0,1,0,0,1,1,0,4,0,6,0,0,0,1,1,0,1,2,3
70,GCF_003382655.2,Pectobacterium,aquaticum,0,0,1,0,1,0,0,2,0,1,1,1,1,0,0,1,1,8,1,1,1,2,0,0,2,0,0,0,1,0,7,1,0,3,2,0,1,1,1,1,1,1,1,2,1,2,0,1,1,1,0,0,0,0,1,1,0,0,1,4,0,1,1,1,1,1,2,1,1,1,3,0,1,0,1,0,0,1,3,0,4,0,0,0,2,1,0,1,1,2
71,GCF_000406305.1,Dickeya,fangzhongdai,0,0,0,0,0,0,0,2,0,1,1,1,1,0,0,2,1,5,1,2,1,2,0,0,2,0,0,2,1,0,4,1,1,3,3,1,1,1,2,1,0,0,1,1,1,1,0,0,1,1,0,1,0,0,0,2,0,0,1,9,0,0,1,1,1,0,2,8,1,1,3,0,1,0,0,1,1,0,4,0,7,1,0,0,1,1,1,2,1,3
72,GCF_003600995.1,Dickeya,solani,0,0,0,0,0,0,0,1,0,1,1,1,1,0,0,2,1,5,1,2,1,2,0,0,2,0,0,2,1,0,5,0,1,3,3,1,1,1,1,1,0,0,1,1,1,1,0,0,1,1,0,1,0,0,0,2,0,0,1,11,0,0,1,1,1,0,2,7,1,1,3,0,1,0,0,1,1,0,4,0,7,0,0,0,1,1,1,2,1,3
73,GCF_018628895.1,Dickeya,dianthicola,0,0,0,0,0,0,0,1,0,2,1,1,1,1,0,2,1,5,1,2,1,2,0,0,2,0,0,2,1,0,8,1,0,3,3,0,1,2,1,1,0,0,1,1,2,1,0,0,1,1,2,1,0,1,1,2,0,0,1,8,0,0,1,1,1,0,2,5,1,1,3,0,1,0,0,1,1,1,4,0,6,0,0,0,1,1,1,2,2,3
74,GCF_002068115.1,Pectobacterium,brasiliense,0,0,1,1,1,0,0,2,0,1,1,1,2,0,0,2,1,10,1,2,0,2,0,0,3,0,0,0,1,0,6,0,0,4,2,0,1,1,1,1,0,1,1,2,1,2,0,0,1,1,0,1,0,0,0,0,0,0,1,5,0,0,1,1,1,0,2,4,1,1,4,0,1,0,0,1,1,0,3,0,6,0,0,0,2,1,0,2,1,2
75,GCF_018361165.1,Dickeya,dianthicola,0,0,0,0,0,0,0,1,0,2,1,1,1,1,0,2,1,5,1,2,1,2,0,0,2,0,0,2,1,0,8,1,0,3,3,0,1,2,1,1,0,0,1,1,2,1,0,0,1,1,0,1,0,1,1,2,0,0,1,8,0,0,1,1,1,0,2,5,1,1,3,0,1,0,0,1,1,1,4,0,6,0,0,0,1,1,1,2,2,3
76,GCF_000406085.2,Dickeya,aquatica,0,0,0,0,0,0,0,1,0,1,1,1,1,0,0,1,2,4,1,1,3,2,0,0,1,0,0,1,1,0,4,0,0,2,3,0,1,1,1,1,0,0,1,1,1,1,0,0,1,1,0,1,0,0,1,1,0,0,1,5,0,0,1,1,1,0,2,2,1,1,3,0,1,0,0,0,1,1,5,0,5,1,0,0,1,1,1,2,2,3
77,GCF_002904145.1,Pectobacterium,carotovorum,0,0,1,0,1,0,0,2,0,1,1,1,1,0,0,2,1,9,1,1,0,2,0,1,4,0,0,0,1,0,7,2,0,4,2,0,0,2,1,0,0,3,1,1,1,2,0,0,1,1,0,1,0,0,1,1,0,0,1,4,0,0,1,1,1,0,2,5,1,1,3,0,1,0,2,1,1,1,3,0,6,0,0,0,2,1,1,2,1,2
78,GCF_015277635.1,Pectobacterium,aroidearum,0,0,1,0,1,0,0,2,0,1,1,1,1,0,1,2,1,9,1,2,0,2,0,1,3,1,0,0,1,0,6,2,0,5,2,0,1,1,1,0,0,1,1,2,1,2,0,0,1,1,0,1,1,0,0,1,0,0,1,8,0,0,1,1,1,0,2,1,1,1,3,0,1,0,3,1,1,0,4,0,6,0,0,0,2,1,1,2,1,2
79,GCF_017161585.1,Dickeya,solani,0,0,0,0,0,0,0,1,0,1,0,1,1,0,0,2,1,5,1,2,1,2,0,0,2,0,0,2,1,0,5,0,1,4,3,1,1,1,1,1,0,0,1,1,1,1,0,0,1,1,0,1,0,0,0,2,0,0,1,11,0,0,1,1,1,0,2,7,1,1,3,0,1,0,0,1,1,0,4,0,7,0,0,0,1,1,1,2,1,3
80,GCF_016949235.1,Pectobacterium,brasiliense,0,0,1,1,1,0,0,2,0,1,1,1,2,0,0,2,1,10,1,2,1,2,0,1,3,0,0,0,1,0,7,1,0,4,2,0,1,1,1,1,0,1,1,3,1,2,0,0,1,1,0,1,0,0,0,0,0,0,1,8,0,0,1,1,1,0,2,4,1,1,3,0,1,0,0,1,1,0,3,0,6,0,0,0,2,1,0,2,1,2
81,GCF_016864975.1,Pectobacterium,brasiliense,0,0,0,1,1,0,0,2,0,1,1,1,2,0,0,2,1,10,1,2,0,2,0,1,3,0,0,0,1,0,5,1,0,4,2,1,1,1,1,1,0,1,1,2,1,2,0,0,1,1,0,1,0,0,0,0,0,0,1,5,0,0,1,1,1,0,2,4,1,1,3,0,1,0,0,1,1,0,3,0,6,0,0,0,2,1,1,2,1,2
82,GCF_001742185.1,Pectobacterium,wasabiae,0,0,0,1,1,0,0,2,0,1,1,1,2,0,1,2,1,6,1,1,0,1,0,1,3,1,0,0,0,0,7,3,0,3,3,0,1,1,1,0,0,0,0,3,1,0,1,0,1,1,0,1,0,0,0,1,0,0,1,6,0,0,1,1,1,0,2,4,0,1,3,0,1,0,1,0,1,0,3,0,5,0,0,0,2,1,1,1,1,2
83,GCF_014946905.1,Pectobacterium,aquaticum,0,0,0,0,1,0,0,2,0,1,1,1,1,0,0,1,1,9,1,1,0,2,0,0,2,0,0,0,1,0,6,1,0,3,2,0,1,1,1,1,1,1,1,2,1,2,0,0,1,1,0,0,0,0,1,0,0,0,1,3,0,0,1,1,1,0,2,1,0,1,3,0,1,0,1,0,0,1,3,0,4,0,0,0,2,1,1,1,1,2
84,GCF_016944315.1,Pectobacterium,brasiliense,0,0,0,1,1,0,0,2,0,1,1,1,2,0,0,2,1,10,1,2,0,2,0,0,3,0,0,0,1,0,5,1,0,4,2,0,1,1,1,1,0,1,1,3,1,2,0,0,1,1,0,1,0,0,0,0,0,0,1,6,0,0,1,1,1,0,2,5,0,1,3,0,1,0,1,1,1,0,4,0,6,0,0,0,2,1,1,2,1,2
85,GCF_013449485.1,Pectobacterium,brasiliense,0,0,0,0,1,0,0,2,0,1,1,1,2,0,1,2,1,10,1,2,0,2,0,0,3,1,0,0,1,0,6,1,0,4,2,0,1,1,1,1,0,1,1,2,1,2,0,0,1,1,0,1,0,0,1,0,0,0,1,6,0,0,1,1,1,0,2,4,1,1,2,0,1,0,0,1,1,1,3,0,6,0,0,0,2,1,1,2,1,2
86,GCF_002904125.1,Pectobacterium,carotovorum,0,0,1,0,1,0,0,2,0,1,1,1,1,0,0,2,1,9,1,1,0,2,1,1,4,0,0,0,1,0,6,2,0,4,2,0,0,2,1,0,0,3,1,1,1,2,0,0,1,1,0,1,0,0,1,1,0,0,1,6,0,0,1,1,1,1,2,3,1,1,3,0,1,0,1,1,1,1,4,0,6,0,0,0,2,1,1,2,1,2
87,GCF_016944615.1,Pectobacterium,brasiliense,0,0,1,1,1,0,0,2,0,1,1,1,2,0,0,2,1,10,1,2,1,2,0,1,3,0,0,0,1,0,7,1,0,4,2,0,1,1,1,1,0,1,1,3,1,2,0,0,1,1,0,1,0,0,0,0,0,0,1,8,0,0,1,1,1,0,2,4,1,1,3,0,1,0,0,1,1,0,3,0,6,0,0,0,2,1,0,2,1,2
88,GCF_016949735.1,Pectobacterium,brasiliense,0,0,1,0,1,0,0,2,0,1,1,1,2,0,0,2,1,10,1,2,0,2,0,0,3,0,0,0,1,0,5,1,0,4,2,1,1,1,1,1,0,1,1,2,1,2,0,0,1,1,0,1,0,0,0,0,0,0,1,8,0,0,1,1,1,0,2,2,0,1,3,0,1,0,1,1,1,0,3,0,6,0,0,0,2,1,0,2,1,2
89,GCF_002924265.1,Dickeya,solani,0,0,0,0,0,0,0,1,0,1,1,1,1,0,0,2,1,5,1,2,1,2,0,0,2,0,0,2,1,0,5,0,1,3,3,1,1,1,1,1,0,0,1,1,1,1,0,0,1,1,0,1,0,0,0,2,0,0,1,11,0,0,1,1,1,0,2,7,1,1,3,0,1,0,0,1,1,0,4,0,7,0,0,0,1,1,1,2,1,3
90,GCF_002846995.1,Dickeya,solani,0,0,0,0,0,0,0,1,0,1,1,1,1,0,0,2,1,5,1,2,1,2,0,0,2,0,0,2,1,0,5,0,1,4,3,1,1,1,1,1,0,0,1,1,1,1,0,0,1,1,0,1,0,0,0,2,0,0,1,11,0,0,1,1,1,0,2,7,1,1,3,0,1,0,0,1,1,0,4,0,7,0,0,0,1,1,1,2,1,3
91,GCF_016950225.1,Pectobacterium,brasiliense,0,0,1,1,1,0,0,2,0,1,1,1,2,0,0,2,1,10,1,2,1,2,0,1,3,0,0,0,1,0,7,1,0,4,2,0,1,1,1,1,0,1,1,3,1,2,0,0,1,1,0,1,0,0,0,0,0,0,1,8,0,0,1,1,1,0,2,4,1,1,3,0,1,0,0,1,1,0,3,0,6,0,0,0,2,1,0,2,1,2
92,GCF_000808355.1,Pectobacterium,brasiliense,0,0,0,1,1,0,0,2,0,1,1,1,2,0,0,2,1,10,1,2,0,2,0,0,3,0,0,0,1,0,5,1,0,4,2,0,1,1,1,1,0,1,1,2,1,2,0,0,1,1,0,1,0,0,0,0,0,0,1,6,0,0,1,1,1,1,2,1,0,1,3,0,1,0,1,1,1,0,3,0,6,0,0,0,2,1,1,2,1,2
93,GCF_016949915.1,Pectobacterium,brasiliense,0,0,0,1,1,0,0,2,0,1,1,1,2,0,0,2,1,10,1,2,0,2,0,0,3,0,0,0,1,0,5,1,0,4,2,0,1,1,1,1,0,1,1,3,1,2,0,0,1,1,0,1,0,0,0,0,1,0,1,10,0,1,1,1,1,0,2,2,0,1,3,0,1,0,1,1,1,0,3,0,6,0,0,0,2,1,1,2,1,2
94,GCF_016949145.1,Pectobacterium,brasiliense,0,0,1,0,1,0,0,2,0,1,1,1,2,0,0,2,1,11,1,2,0,2,0,0,3,0,0,0,1,0,7,1,0,4,2,0,1,1,1,1,0,1,1,2,1,2,0,0,1,1,0,1,0,0,0,0,0,0,1,7,0,1,1,1,1,0,2,2,0,1,3,0,1,0,1,1,1,0,5,0,6,0,0,0,2,1,0,2,1,2
95,GCF_004137785.1,Pectobacterium,zantedeschiae,0,0,1,1,1,0,0,2,1,1,1,1,1,0,1,2,1,9,1,1,0,2,0,1,3,1,1,0,1,0,9,1,0,5,4,0,1,1,1,0,0,2,1,2,1,2,0,0,1,1,0,1,1,0,0,1,0,0,1,11,0,0,1,1,1,0,2,1,0,1,4,0,1,0,3,1,1,0,4,0,6,0,0,0,2,1,1,2,1,2
96,GCF_000023565.1,Dickeya,chrysanthemi,0,0,0,0,0,0,0,1,0,1,1,1,1,0,0,2,1,5,1,2,1,2,0,0,2,0,0,1,1,0,5,1,0,4,3,0,1,1,1,1,0,0,1,2,1,1,0,0,1,1,1,1,0,0,0,2,0,0,1,8,0,0,1,1,1,0,2,7,1,1,3,0,1,0,0,1,1,0,4,0,6,1,0,0,1,1,1,2,2,3
97,GCF_016944235.1,Pectobacterium,brasiliense,0,0,1,1,1,0,0,2,0,1,1,1,2,0,0,2,1,10,1,2,1,2,0,1,3,0,0,0,1,0,7,1,0,4,2,0,1,1,1,1,0,1,1,3,1,2,0,0,1,1,0,1,0,0,0,0,0,0,1,8,0,0,1,1,1,0,2,4,1,1,3,0,1,0,0,1,1,0,3,0,6,0,0,0,2,1,0,2,1,2
98,GCF_000406225.1,Dickeya,oryzae,0,0,0,0,0,0,0,1,0,0,1,1,1,0,0,1,1,3,1,2,1,3,0,0,2,0,0,1,2,0,5,1,0,2,3,1,1,1,2,1,0,0,1,0,1,1,0,0,1,1,0,1,0,0,1,1,0,0,1,10,0,0,1,1,1,0,2,8,1,1,3,0,1,0,0,1,1,1,4,0,6,0,0,0,1,1,0,2,1,3
99,GCF_003382565.2,Pectobacterium,aquaticum,0,0,0,0,1,0,0,2,0,1,1,1,1,0,0,1,1,8,1,1,0,2,0,0,2,0,0,0,1,0,7,1,0,3,2,0,1,1,1,1,1,1,1,2,1,2,0,1,1,1,0,0,0,0,1,0,0,0,1,2,0,0,1,1,1,0,2,1,1,1,3,0,1,0,1,0,0,1,3,0,4,0,0,0,2,1,0,1,1,2
100,GCF_002307355.1,Pectobacterium,polaris,0,0,1,0,1,0,0,2,0,1,1,1,1,0,0,2,1,10,1,2,0,2,1,0,3,0,0,0,1,0,4,1,0,4,2,0,1,1,1,1,0,1,1,2,1,2,0,0,1,1,1,1,0,0,0,0,0,0,1,6,0,0,1,1,1,0,2,3,1,1,3,0,1,0,0,1,1,0,4,0,6,0,2,0,2,1,1,2,1,2
101,GCF_002812485.1,Dickeya,fangzhongdai,0,0,0,0,0,0,0,2,0,1,1,1,1,0,0,2,1,5,1,2,1,2,0,0,2,0,0,2,1,0,5,1,1,3,3,1,1,1,2,1,0,0,1,1,1,1,0,0,1,1,0,1,0,0,0,1,0,0,1,9,0,0,1,1,1,0,2,8,1,1,3,0,1,0,0,1,1,0,4,0,7,1,0,0,1,1,1,2,1,3
102,GCF_000808515.1,Pectobacterium,carotovorum,0,0,0,0,1,0,0,2,0,1,1,1,1,0,0,2,1,10,1,1,1,2,0,1,3,0,0,0,1,0,7,3,0,4,2,0,1,1,1,1,0,1,1,2,1,2,0,0,1,1,0,1,0,0,1,0,0,0,1,5,0,0,1,1,1,0,2,4,1,1,3,0,1,0,0,1,1,1,3,0,6,0,0,0,2,1,1,2,1,2
103,GCF_004296675.1,Pectobacterium,carotovorum,0,0,0,0,1,0,0,2,0,1,1,1,1,0,0,2,1,9,1,1,0,2,2,1,3,0,0,0,1,0,5,3,0,4,2,0,1,1,1,1,0,1,1,3,1,2,0,0,1,1,0,1,0,0,1,0,0,0,1,8,0,0,1,1,1,1,2,3,0,1,3,0,1,0,1,1,1,1,3,0,6,0,0,0,2,1,1,2,1,2
104,GCF_000260925.1,Pectobacterium,parmentieri,0,0,1,1,1,0,0,2,1,1,1,1,1,0,1,2,2,8,1,1,0,2,0,1,3,1,1,0,1,0,9,0,0,3,3,0,1,1,1,1,0,0,2,3,1,2,1,0,1,1,0,1,0,0,0,1,0,0,1,9,0,1,1,1,1,1,2,4,0,1,3,1,1,0,2,0,1,0,2,0,5,0,0,0,2,1,1,1,1,2
105,GCF_000024645.1,Pectobacterium,parmentieri,0,0,1,1,1,0,0,2,0,1,1,1,1,0,1,2,2,7,1,1,0,2,0,1,3,1,0,0,1,0,6,0,0,3,3,0,1,1,1,1,0,0,2,3,1,2,1,0,1,1,0,1,0,0,0,1,0,0,1,9,0,1,1,1,1,1,2,4,0,1,3,1,1,0,2,0,1,0,3,0,5,0,0,0,2,1,1,1,1,2
106,GCF_000430955.1,Dickeya,dianthicola,0,0,0,0,0,0,0,1,0,2,1,1,1,1,0,2,1,5,1,2,1,2,0,0,2,0,0,2,1,0,6,0,0,3,3,0,1,2,1,1,0,0,1,1,2,1,0,0,1,1,0,1,0,1,1,2,0,0,1,7,0,0,1,1,1,0,2,5,1,1,3,0,1,0,0,1,1,1,4,0,5,0,0,0,1,1,1,2,2,3
107,GCF_016404895.1,Dickeya,solani,0,0,0,0,0,0,0,1,0,1,1,1,1,0,0,2,1,5,1,2,1,2,0,0,2,0,0,2,1,0,5,0,1,2,3,1,1,1,1,1,0,0,1,1,1,1,0,0,1,1,0,1,0,0,0,2,0,0,1,11,0,0,1,1,1,0,2,7,1,1,3,0,1,0,0,1,1,0,4,0,7,0,0,0,1,1,1,2,1,3
108,GCF_000738125.1,Pectobacterium,brasiliense,1,0,0,1,1,0,0,2,0,1,1,1,1,0,0,2,1,10,1,1,0,2,0,0,3,0,1,0,1,0,5,2,0,4,3,0,1,1,1,1,0,1,1,2,1,2,1,0,1,1,0,1,0,0,0,0,0,0,1,5,0,1,1,1,1,0,2,1,1,1,3,0,1,0,1,0,1,0,5,0,6,0,0,0,2,1,0,2,1,2
109,GCF_012278405.1,Dickeya,oryzae,0,0,0,0,0,0,0,1,0,0,1,1,1,0,0,1,1,4,1,2,1,3,0,0,2,0,0,1,2,0,4,0,0,2,3,1,1,1,2,1,0,0,1,0,1,1,0,0,1,1,0,1,0,0,0,1,0,0,1,6,0,0,1,1,1,0,2,4,1,1,3,0,1,0,0,1,1,0,4,0,7,0,0,0,1,1,0,1,1,3
110,GCF_000365285.1,Dickeya,solani,0,0,0,0,0,0,0,1,0,1,1,1,1,0,0,2,1,5,1,2,1,2,0,0,2,0,0,2,1,0,5,0,1,4,3,1,1,1,1,1,0,0,1,1,1,1,0,0,1,1,0,1,0,0,0,2,0,0,1,11,0,0,1,0,1,0,2,7,1,1,3,0,1,0,0,1,1,0,4,0,7,0,0,0,1,1,1,2,1,3
111,GCF_016944555.1,Pectobacterium,brasiliense,0,0,1,1,1,0,0,1,0,1,1,1,2,0,0,2,1,10,1,2,1,2,0,1,2,0,0,0,1,0,8,1,0,4,2,0,1,1,1,1,0,1,1,3,1,2,0,0,1,1,0,1,0,0,0,0,0,0,1,8,0,0,1,1,1,0,2,4,1,1,3,0,1,0,0,1,1,0,3,0,6,0,0,0,2,1,0,2,1,2
112,GCF_018361045.1,Dickeya,dianthicola,0,0,0,0,0,0,0,1,0,2,1,1,1,1,0,2,1,5,1,2,1,2,0,0,2,0,0,2,1,0,8,1,0,3,3,0,1,2,1,1,0,0,1,1,2,1,0,0,1,1,0,1,0,1,1,2,0,0,1,8,0,0,1,1,1,0,2,5,1,1,3,0,1,0,0,1,1,1,4,0,6,0,0,0,1,1,1,2,2,3
113,GCF_003628695.1,Pectobacterium,parmentieri,0,0,1,1,1,0,0,2,0,1,1,1,1,0,1,2,2,7,1,1,0,2,0,1,3,1,0,0,1,0,5,0,0,3,3,0,1,1,1,1,0,0,2,3,1,2,1,0,1,1,0,1,0,0,0,1,0,0,1,8,0,0,1,1,1,0,2,4,0,1,3,0,1,0,2,0,1,0,3,0,5,0,0,0,2,1,1,1,1,2
114,GCF_012427845.1,Pectobacterium,punjabense,0,0,0,1,1,0,0,2,0,1,1,1,2,0,0,2,1,8,1,1,0,2,0,1,3,0,0,0,1,0,6,0,0,4,3,0,1,1,1,1,0,0,2,3,1,2,0,0,1,1,0,1,0,0,0,1,0,0,1,7,0,1,1,1,1,1,2,1,0,1,3,0,1,0,2,0,1,0,3,0,6,0,0,0,2,1,1,2,1,2
115,GCF_000831935.2,Dickeya,solani,0,0,0,0,0,0,0,1,0,1,1,1,1,0,0,2,1,5,1,2,1,2,0,0,2,0,0,2,1,0,5,0,1,4,3,1,1,1,1,1,0,0,1,1,1,1,0,0,1,1,0,1,0,0,0,2,0,0,1,11,0,0,1,1,1,0,2,7,1,1,3,0,1,0,0,1,1,0,4,0,7,0,0,0,1,1,1,2,1,3
116,GCF_003718335.1,Dickeya,solani,0,0,0,0,0,0,0,1,0,1,1,1,1,0,0,2,1,5,1,2,1,2,0,0,2,0,0,2,1,0,5,0,1,4,3,1,1,1,1,1,0,0,1,1,1,1,0,0,1,1,0,1,0,0,0,2,0,0,1,11,0,0,1,1,1,0,2,7,1,1,2,0,1,0,0,1,1,0,4,0,7,0,0,0,1,1,1,2,1,3
117,GCF_003725615.1,Dickeya,undicola,0,0,0,0,0,0,0,1,0,1,1,1,1,0,0,2,1,6,1,1,3,2,0,0,2,0,0,2,1,0,6,2,0,3,3,0,1,1,2,1,0,0,1,1,1,1,0,0,1,1,0,1,0,0,0,2,0,0,1,8,0,0,1,1,1,0,2,8,1,1,3,0,1,0,0,1,1,0,4,0,7,0,0,0,1,1,0,2,1,3
118,GCF_016944595.1,Pectobacterium,brasiliense,0,0,1,1,1,0,0,2,0,1,1,1,2,0,0,2,1,10,1,2,1,2,0,1,3,0,0,0,1,0,7,1,0,4,2,0,1,1,1,1,0,1,1,3,1,2,0,0,1,1,0,1,0,0,0,0,0,0,1,8,0,0,1,1,1,0,2,4,1,1,3,0,1,0,0,1,1,0,3,0,6,0,0,0,2,1,0,2,1,2
119,GCF_013334125.1,Dickeya,solani,0,0,0,0,0,0,0,1,0,1,1,1,1,0,0,2,1,5,1,2,1,2,0,0,2,0,0,2,1,0,5,0,1,4,3,1,1,1,1,1,0,0,1,1,1,1,0,0,1,1,0,1,0,0,0,2,0,0,1,11,0,0,1,1,1,0,2,7,1,1,3,0,1,0,0,1,1,0,4,0,7,0,0,0,1,1,1,2,1,3
120,GCF_003725575.1,Dickeya,undicola,0,0,0,0,0,0,0,1,0,1,1,1,1,0,0,2,1,5,1,1,2,2,0,0,2,0,0,2,1,0,4,0,0,3,3,0,1,1,2,1,0,0,1,1,1,1,0,0,1,1,0,1,0,0,0,2,0,0,1,9,0,0,1,1,1,0,2,7,1,1,3,0,1,0,0,1,1,0,4,0,7,0,0,0,1,1,0,2,1,3
121,GCF_003382585.2,Pectobacterium,aquaticum,0,0,1,0,1,0,0,2,0,1,1,1,1,0,0,1,1,8,1,1,1,2,0,0,2,0,0,0,1,0,5,1,0,3,2,0,1,1,0,1,1,1,1,2,1,2,0,0,1,1,0,0,0,0,1,0,0,0,1,4,0,0,1,1,1,0,2,2,0,1,3,0,1,0,2,0,0,1,3,0,4,0,0,0,2,1,1,1,1,2
122,GCF_001742145.1,Pectobacterium,parmentieri,0,0,1,1,1,0,0,2,0,1,1,1,1,0,1,2,2,8,1,1,0,2,0,1,3,1,0,0,1,0,6,1,0,3,3,0,1,1,1,1,0,0,2,3,1,2,1,0,1,1,0,1,0,0,0,1,0,0,1,10,0,0,1,1,1,0,2,4,0,1,3,0,1,0,2,0,1,0,3,0,5,0,0,0,2,1,1,1,1,2
123,GCF_013449385.1,Pectobacterium,carotovorum,0,0,0,0,1,0,0,2,0,1,1,1,1,0,0,2,1,10,1,2,0,2,0,1,3,0,0,0,1,0,5,1,0,4,2,0,1,1,1,1,0,1,1,3,1,2,0,0,1,1,0,1,0,0,1,1,0,0,1,6,0,0,1,1,1,0,2,1,1,1,3,0,1,0,1,1,1,1,3,0,6,0,1,0,2,1,1,2,1,2
124,GCF_000406145.1,Dickeya,dadantii,0,0,0,0,0,0,0,2,0,1,1,1,1,0,0,2,0,5,1,2,1,2,0,0,2,0,0,1,1,0,4,3,1,5,3,1,1,1,2,1,0,0,1,1,1,1,0,0,2,0,0,1,0,0,0,2,0,0,1,8,0,0,1,1,1,0,2,5,1,1,3,0,1,0,0,1,1,0,4,0,7,0,0,0,1,1,1,2,1,3
125,GCF_001401695.1,Dickeya,solani,0,0,0,0,0,0,0,1,0,1,1,1,1,0,0,2,1,5,1,2,1,2,0,0,2,0,0,2,1,0,5,0,1,4,3,1,1,1,1,1,0,0,1,1,1,1,0,0,1,1,0,1,0,0,0,2,0,0,1,11,0,0,1,1,1,0,2,7,1,1,3,0,1,0,0,1,1,0,4,0,7,0,0,0,1,1,1,2,1,3
126,GCF_016944295.1,Pectobacterium,brasiliense,0,0,1,1,1,0,0,2,0,1,1,1,2,0,0,2,1,10,1,2,1,2,0,1,3,0,0,0,1,0,7,1,0,4,2,0,1,1,1,1,0,1,1,3,1,2,0,0,1,1,0,1,0,0,0,0,0,0,1,8,0,0,1,1,1,0,2,4,1,1,3,0,1,0,0,1,1,0,3,0,6,0,0,0,2,1,0,2,1,2
127,GCF_016949935.1,Pectobacterium,polaris,0,0,1,0,1,0,0,2,0,1,1,1,1,0,0,2,1,10,1,2,0,2,0,0,3,0,0,0,1,0,5,1,0,4,2,0,1,1,1,1,0,1,1,2,1,2,0,0,1,1,1,1,0,0,0,1,0,0,1,5,0,0,1,1,1,1,2,3,0,1,3,0,1,0,1,1,1,0,4,0,6,0,1,0,2,1,1,2,1,2
128,GCF_002906725.1,Dickeya,dianthicola,0,0,0,0,0,0,0,1,0,2,1,1,1,1,0,2,1,5,1,2,1,2,0,0,2,0,0,2,1,0,8,1,0,3,3,0,1,2,1,1,0,0,1,1,2,1,0,0,1,1,0,1,0,1,1,2,0,0,1,8,0,0,1,1,1,0,2,5,1,1,3,0,1,0,0,1,1,1,4,0,6,0,0,0,1,1,1,2,2,3
129,GCF_003049805.1,Dickeya,fangzhongdai,0,0,0,0,0,0,1,2,0,1,1,1,1,0,0,2,1,5,1,2,1,2,0,0,2,0,0,2,1,0,6,0,1,3,3,1,1,1,2,1,0,1,1,1,1,1,0,0,1,1,0,1,0,0,0,2,0,0,1,9,0,0,1,1,1,0,2,8,1,1,3,0,1,0,0,1,1,0,4,0,7,1,0,0,1,1,1,2,1,3
130,GCF_000808195.1,Pectobacterium,brasiliense,0,0,0,1,1,0,0,2,0,1,1,1,2,0,0,2,1,11,1,2,0,2,0,0,3,0,0,0,1,0,6,0,0,4,2,0,1,1,1,1,0,1,1,2,1,2,0,0,1,1,0,1,0,0,0,0,0,0,1,5,0,0,1,1,1,0,2,4,1,1,3,0,1,0,0,0,1,0,3,0,6,0,0,0,2,1,0,2,1,2
131,GCF_013449715.1,Pectobacterium,aroidearum,0,0,1,1,1,0,0,2,0,1,1,1,1,0,1,2,1,10,1,2,0,2,0,1,3,1,0,0,1,0,6,3,0,5,3,0,1,1,1,0,0,1,1,2,1,2,0,0,1,1,0,1,1,0,0,1,0,0,1,6,0,0,1,1,1,1,2,1,1,1,3,0,1,0,2,1,1,0,2,0,6,0,0,0,2,1,1,2,1,2
132,GCF_000023605.1,Pectobacterium,aroidearum,0,0,1,1,1,0,0,2,0,1,1,1,1,0,1,2,1,10,1,1,0,2,0,1,3,1,0,0,1,0,5,3,0,5,3,0,1,1,1,1,0,1,1,2,1,2,0,0,1,1,0,1,1,0,0,1,0,0,1,7,0,0,1,1,1,0,2,2,1,1,3,0,1,0,2,1,1,0,3,0,6,0,0,0,2,1,1,2,1,2
133,GCF_000406165.1,Dickeya,zeae,0,0,0,0,0,0,0,1,0,1,1,1,1,0,0,1,1,3,1,2,1,3,0,0,2,0,0,1,1,0,4,1,0,3,3,1,1,1,2,1,0,0,0,0,1,0,0,0,1,1,0,1,0,0,0,1,0,0,1,9,0,0,1,1,1,0,2,8,1,1,3,0,1,0,0,1,1,0,4,0,8,0,0,0,1,1,0,2,2,3
134,GCF_000406205.1,Dickeya,fangzhongdai,0,0,0,0,0,0,1,2,0,1,1,1,1,0,0,2,1,5,1,2,1,2,0,0,2,0,0,2,1,0,6,2,1,4,3,1,1,1,2,1,0,0,1,1,1,1,0,0,1,1,0,1,0,0,0,2,0,0,1,12,0,0,1,1,1,0,2,5,1,1,3,0,1,0,1,1,1,0,4,0,8,1,0,0,1,1,1,2,1,3
135,GCF_002983505.1,Pectobacterium,carotovorum,0,0,1,0,1,0,0,2,0,1,1,1,1,0,0,2,1,10,1,1,0,2,0,1,3,0,0,0,1,0,6,2,0,4,2,0,1,1,1,1,0,1,1,2,1,2,0,0,1,1,0,0,0,0,1,0,0,0,1,4,0,0,1,1,1,0,2,4,1,1,3,0,1,0,0,0,1,1,3,0,6,0,0,0,2,1,1,2,1,2
136,GCF_000365345.1,Dickeya,solani,0,0,0,0,0,0,0,1,0,1,1,1,1,0,0,2,1,5,1,2,1,2,0,0,2,0,0,2,1,0,5,0,1,4,3,1,1,1,1,1,0,0,1,1,1,1,0,0,1,1,0,1,0,0,0,2,0,0,1,11,0,0,1,1,1,0,2,7,1,1,3,0,1,0,0,1,1,0,4,0,7,0,0,0,1,1,1,2,1,3
137,GCF_000400795.1,Dickeya,solani,0,0,0,0,0,0,0,1,0,1,1,1,1,0,0,2,0,5,1,2,1,2,0,0,2,0,0,2,1,0,4,0,1,4,3,1,1,1,1,1,0,0,1,1,1,2,0,0,1,1,0,1,0,0,0,2,0,0,1,11,0,0,1,1,1,0,2,7,1,1,3,0,1,0,0,1,1,0,4,0,7,0,0,0,1,1,1,2,1,2
138,GCF_002706485.1,Dickeya,dianthicola,0,0,0,0,0,0,0,1,0,2,1,1,1,1,0,2,1,5,1,2,2,2,0,0,2,0,0,1,1,0,6,0,0,3,3,0,1,2,1,1,0,0,1,1,2,1,0,0,1,1,2,1,0,1,1,2,0,0,1,8,0,0,1,1,1,0,2,5,1,1,3,0,1,0,0,1,1,1,4,0,6,0,0,0,1,1,1,2,2,3
139,GCF_000740965.1,Pectobacterium,atrosepticum,0,0,0,1,1,0,0,2,0,1,1,1,1,0,1,2,1,9,1,1,0,2,0,1,4,1,0,0,1,0,8,0,0,4,3,0,1,1,1,1,0,2,1,2,1,2,0,0,1,1,0,0,0,0,0,1,0,0,1,8,0,1,1,1,1,0,2,5,1,1,3,0,1,0,2,1,1,0,4,0,6,0,0,0,2,1,1,2,1,2
140,GCF_016949215.1,Pectobacterium,brasiliense A,0,0,1,0,1,0,0,2,0,0,1,1,2,0,0,2,1,8,1,1,0,2,0,0,2,0,0,0,1,0,5,1,0,3,2,0,1,1,1,1,1,1,1,1,1,2,0,0,1,1,0,0,0,0,0,0,0,0,1,4,0,0,1,1,1,0,2,3,0,1,3,0,1,0,1,0,1,0,3,0,5,0,0,0,2,1,1,1,1,2
141,GCF_018361245.1,Dickeya,dianthicola,0,0,0,0,0,0,0,1,0,2,1,1,1,1,0,2,1,5,1,2,1,2,0,0,2,0,0,2,1,0,8,1,0,3,3,0,1,2,1,1,0,0,1,1,2,1,0,0,1,1,0,1,0,1,1,2,0,0,1,8,0,0,1,1,1,0,2,5,1,1,3,0,1,0,0,1,1,1,4,0,6,0,0,0,1,1,1,2,2,3
142,GCF_003628635.1,Pectobacterium,parmentieri,0,0,1,1,1,0,0,2,0,1,1,1,1,0,1,2,2,7,1,1,0,2,0,1,3,1,0,0,1,0,6,2,0,3,3,0,1,1,1,1,0,0,2,3,1,2,1,0,1,1,0,1,0,0,0,1,0,0,1,9,0,1,1,1,1,0,2,4,0,1,3,1,1,0,1,0,1,0,4,0,5,0,0,0,2,1,1,1,1,2
143,GCF_000406105.1,Dickeya,chrysanthemi,0,0,0,0,0,0,0,2,0,1,1,1,1,0,0,2,1,3,1,2,1,2,0,0,2,0,0,1,1,0,7,1,0,3,4,0,1,2,1,1,0,0,0,1,1,0,0,0,1,1,0,1,0,1,1,2,0,0,1,7,0,0,1,1,1,0,2,7,1,1,3,0,1,0,0,1,1,1,4,2,5,0,0,0,1,1,1,2,2,3
144,GCF_003992745.1,Pectobacterium,parmentieri,0,0,1,1,1,0,0,2,0,1,1,1,1,0,1,2,2,8,1,1,0,2,0,1,3,1,0,0,1,0,8,2,0,3,3,0,1,1,1,1,0,0,2,3,1,2,1,0,1,1,0,1,0,0,0,1,0,0,1,10,0,0,1,1,1,0,2,4,0,1,3,0,1,0,2,0,1,0,3,0,5,0,0,0,2,1,1,1,1,2
145,GCF_001187975.2,Dickeya,fangzhongdai,0,0,0,0,0,0,0,2,0,1,1,1,1,0,0,2,1,5,1,2,1,2,0,0,2,0,0,2,1,0,4,1,1,3,3,1,1,1,2,1,0,0,1,1,1,1,0,0,1,1,0,1,0,0,0,2,0,0,1,9,0,0,1,1,1,0,2,8,1,1,3,0,1,0,0,1,1,0,4,0,7,1,0,0,1,1,1,2,1,3
146,GCF_009931575.1,Pectobacterium,polaris,0,0,1,0,1,0,0,2,0,0,1,1,0,0,0,1,1,6,1,1,1,2,0,0,3,0,1,0,1,0,8,1,0,4,1,0,1,1,1,1,0,1,1,2,1,2,1,0,1,0,0,1,0,0,0,1,0,0,1,3,0,0,1,1,1,0,2,4,1,1,3,0,1,0,2,1,1,0,4,0,5,0,1,0,2,1,0,1,1,2
147,GCF_016949255.1,Pectobacterium,brasiliense,0,0,0,1,1,0,0,2,0,1,1,1,2,0,0,2,1,9,1,2,1,2,0,1,3,0,0,1,1,0,6,2,0,3,2,1,1,1,1,1,0,1,1,3,1,2,0,0,1,1,0,1,0,0,0,0,0,0,1,7,0,0,1,1,1,0,2,4,1,1,3,0,1,0,0,0,1,0,2,0,6,0,0,0,2,1,1,2,1,2
148,GCF_002904255.1,Pectobacterium,carotovorum,0,0,1,0,1,0,0,2,0,1,1,1,1,0,0,2,1,9,1,1,0,2,0,1,4,0,0,0,1,0,6,1,0,4,2,0,0,2,1,0,0,3,1,1,1,2,0,0,1,1,0,1,0,0,1,1,0,0,1,4,0,0,1,1,1,0,2,3,1,1,3,0,1,1,0,1,1,1,3,0,6,0,1,0,2,1,1,2,1,2
149,GCF_002904185.1,Pectobacterium,carotovorum,0,0,1,0,1,0,0,2,0,1,1,1,1,0,0,2,1,9,1,1,0,2,0,1,4,0,0,0,1,0,7,1,0,4,2,0,0,2,1,0,0,3,1,1,1,2,0,0,1,1,0,1,0,0,1,1,0,0,1,4,0,0,1,1,1,0,2,3,1,1,2,0,1,1,0,1,1,1,4,0,6,0,1,0,2,1,1,2,1,2
150,GCF_002904105.1,Pectobacterium,carotovorum,0,0,1,0,1,0,0,2,0,1,1,1,1,0,0,2,1,9,1,1,0,2,0,1,4,0,0,0,1,0,7,1,0,4,2,0,0,2,1,0,0,3,1,1,1,2,0,0,1,1,0,1,0,0,1,1,0,0,1,4,0,0,1,1,1,0,2,3,1,1,3,0,1,1,0,1,1,1,4,0,6,0,1,0,2,1,1,2,1,2
151,GCF_003382645.2,Pectobacterium,aquaticum,0,0,1,0,1,0,0,2,0,1,1,1,1,0,0,1,1,9,1,1,1,2,0,0,2,0,0,0,1,0,6,3,0,3,2,0,1,1,1,1,1,1,1,2,1,2,0,1,1,1,0,0,0,0,1,1,0,0,1,3,0,1,1,1,1,1,2,1,1,1,3,0,1,0,2,0,0,1,4,0,4,0,0,0,2,1,0,1,1,2
152,GCF_001984535.1,Pectobacterium,actinidiae,0,0,1,1,1,0,0,2,0,1,1,1,1,0,0,2,1,11,1,1,0,2,0,1,4,0,0,0,0,0,8,1,0,3,2,0,0,2,1,1,0,2,2,1,1,2,0,0,1,1,0,1,1,0,1,1,0,0,1,7,1,0,1,1,1,0,2,1,0,1,3,0,1,0,1,1,1,1,3,0,6,0,1,0,2,1,1,2,1,2
153,GCF_016126895.1,Pectobacterium,parmentieri,0,0,1,1,1,0,0,2,0,1,1,1,1,0,1,2,2,7,1,1,0,2,1,1,3,1,0,0,1,0,5,1,0,3,3,0,1,1,1,1,0,0,2,3,1,2,1,0,1,1,0,1,0,0,0,1,0,0,1,9,0,1,1,1,1,0,2,4,0,1,3,0,1,0,1,0,1,0,3,0,5,0,0,0,2,1,1,1,1,2
154,GCF_014946835.1,Pectobacterium,aquaticum,0,0,0,0,1,0,0,2,0,1,1,1,1,0,0,1,1,9,1,1,1,2,0,0,2,0,0,0,1,0,6,2,0,3,2,0,1,1,1,1,1,1,1,2,1,2,0,0,1,1,0,0,0,0,1,0,0,0,1,1,0,0,1,1,1,0,2,3,0,1,3,0,1,0,2,0,0,1,4,0,4,0,0,0,2,1,1,1,1,2
155,GCF_013449395.1,Pectobacterium,carotovorum,0,0,0,0,1,0,0,2,0,1,1,1,1,0,0,2,1,9,1,2,0,2,0,1,3,0,0,0,1,0,6,1,0,4,2,0,1,1,1,1,0,1,1,2,1,2,0,0,1,1,0,1,0,0,1,1,0,0,1,6,0,0,1,1,1,1,2,2,0,1,3,0,1,0,1,1,1,1,3,0,6,0,1,0,2,1,1,2,1,2
156,GCF_004137795.1,Pectobacterium,zantedeschiae,0,0,1,1,1,0,0,2,0,1,1,1,1,0,1,2,1,9,1,1,0,2,0,1,3,1,0,1,1,0,6,2,0,5,4,0,1,1,1,0,0,2,1,2,1,2,0,0,1,1,0,1,1,0,0,1,0,0,1,11,0,0,1,1,1,0,2,1,0,1,4,0,1,0,3,1,1,0,4,0,6,0,0,0,2,1,1,2,1,2
157,GCF_017897585.1,Dickeya,oryzae,0,0,0,0,0,0,0,1,0,1,1,1,1,0,0,1,1,1,1,1,3,2,0,0,2,0,0,1,1,0,6,1,0,1,3,0,1,1,2,1,0,0,1,0,1,1,0,0,1,1,0,1,0,0,1,1,0,0,1,8,0,0,1,1,1,0,2,4,1,1,3,0,1,0,0,1,1,1,4,0,6,0,0,0,1,1,0,2,1,3
158,GCF_000389755.1,Pectobacterium,atrosepticum,0,0,0,1,1,0,0,2,0,1,1,1,1,0,1,2,1,9,1,1,0,2,0,1,4,1,0,0,1,0,5,0,0,4,3,0,1,1,1,1,0,2,1,2,1,2,0,0,1,1,0,1,0,0,0,1,0,0,1,8,0,1,1,1,1,0,2,4,1,1,3,0,1,0,2,1,1,0,4,0,6,0,0,0,2,1,1,2,1,2
159,GCF_013449655.1,Pectobacterium,carotovorum,0,0,1,0,1,0,0,2,0,1,1,1,1,0,0,2,1,10,1,2,0,2,0,1,3,0,0,0,1,0,7,1,0,4,2,0,1,1,1,1,0,1,1,3,1,2,0,0,1,1,0,1,0,0,1,0,0,0,1,8,0,0,1,1,1,0,2,3,1,1,2,0,1,0,0,1,1,1,2,0,6,0,0,0,2,1,1,2,1,2
160,GCF_016950125.1,Pectobacterium,brasiliense,0,0,1,1,1,0,0,2,0,1,1,1,2,0,0,2,1,10,1,2,1,2,0,1,3,0,0,0,1,0,7,1,0,4,2,0,1,1,1,1,0,1,1,3,1,2,0,0,1,1,0,1,0,0,0,0,0,0,1,8,0,0,1,1,1,0,2,4,1,1,3,0,1,0,0,1,1,0,3,0,6,0,0,0,2,1,0,2,1,2
161,GCF_013449475.1,Pectobacterium,brasiliense,0,0,0,1,1,0,0,2,0,1,1,1,2,0,0,2,1,9,1,2,0,2,0,0,3,0,0,0,1,0,5,1,0,4,2,0,1,1,1,1,0,1,1,3,1,1,0,0,1,1,0,1,0,0,0,0,1,0,1,8,0,1,1,1,1,1,2,2,0,1,3,0,1,0,1,1,1,0,3,0,6,0,0,0,2,1,0,2,1,2
162,GCF_000808415.1,Pectobacterium,polaris,0,0,1,0,1,0,0,2,0,0,0,1,1,0,0,2,1,5,1,1,0,2,0,0,3,0,1,0,0,0,7,3,0,4,2,0,0,1,1,0,0,1,1,2,0,2,1,0,0,1,0,1,0,0,0,1,0,0,1,3,0,0,1,1,1,0,2,3,0,1,3,0,1,0,1,1,1,0,3,0,5,0,1,0,1,1,0,1,0,1
163,GCF_000808145.1,Pectobacterium,brasiliense,0,0,1,1,1,0,0,2,0,1,1,1,2,0,0,2,1,10,1,2,0,2,0,0,3,0,0,0,1,0,5,0,0,4,2,0,1,1,1,1,0,1,1,2,1,2,0,0,1,1,0,1,0,0,0,0,0,0,1,5,0,0,1,1,1,0,2,4,1,1,4,0,1,0,0,1,1,0,3,0,6,0,0,0,2,1,0,2,1,2
164,GCF_003628615.1,Pectobacterium,parmentieri,0,0,1,1,1,0,0,2,0,1,1,1,1,0,1,2,2,7,1,1,1,2,0,1,3,1,0,0,1,0,7,1,0,3,3,0,1,1,1,1,0,0,2,3,1,2,1,0,1,1,0,1,0,0,0,1,0,0,1,10,0,1,1,1,1,0,2,3,0,1,3,0,1,0,1,0,1,0,4,0,5,0,0,0,2,1,1,1,1,2
165,GCF_000808495.1,Pectobacterium,carotovorum,0,0,0,0,1,0,0,2,0,1,1,1,1,0,0,2,1,10,1,2,0,2,0,1,3,0,0,0,1,0,6,2,0,4,2,0,1,1,1,1,0,1,1,2,1,2,0,0,1,1,0,1,0,0,1,1,0,0,1,7,0,0,1,1,1,0,2,1,0,1,3,0,1,0,1,1,1,1,3,0,6,0,1,0,2,1,1,2,1,2
166,GCF_002921235.2,Pectobacterium,carotovorum,0,0,1,0,1,0,0,2,0,1,1,1,1,0,0,2,1,9,1,1,0,2,0,1,3,0,0,0,1,0,6,0,0,4,2,0,1,1,1,1,0,1,1,2,1,2,0,0,1,1,0,1,0,0,1,0,0,0,1,5,0,0,1,1,1,0,2,6,1,1,3,0,1,0,1,1,1,1,3,0,6,0,0,0,2,1,1,2,0,2
167,GCF_002887555.1,Dickeya,zeae,0,0,0,0,0,0,0,1,0,1,1,1,1,0,0,1,1,3,1,2,1,3,0,0,2,0,0,1,1,0,5,0,0,3,3,1,1,1,2,1,0,0,0,0,1,0,0,0,1,1,0,1,0,0,0,1,0,0,1,8,0,0,1,1,1,0,2,8,1,1,3,0,1,0,0,1,1,0,4,0,7,0,0,0,1,1,0,2,2,3
168,GCF_009931295.1,Pectobacterium,carotovorum,0,0,0,0,1,0,0,2,0,1,1,1,1,0,0,2,1,8,1,1,0,2,0,1,4,0,0,0,1,0,8,3,0,4,3,0,0,2,1,1,0,3,1,1,1,2,0,0,1,1,0,1,0,0,1,1,0,0,1,6,0,1,1,1,1,0,2,4,1,1,3,0,1,0,1,1,1,1,3,0,5,0,0,0,2,1,1,2,1,2
169,GCF_016949075.1,Pectobacterium,carotovorum,0,0,0,0,1,0,0,2,0,1,1,1,1,0,0,2,1,10,1,2,0,2,1,0,3,0,0,0,1,0,5,1,0,4,2,0,1,1,1,1,0,1,1,3,1,2,0,0,1,1,0,1,0,0,1,1,0,0,1,6,0,0,1,1,1,0,2,2,0,1,3,0,1,0,0,1,1,1,2,0,6,0,0,0,2,1,1,2,1,2
170,GCF_002904055.1,Pectobacterium,carotovorum,0,0,1,0,1,0,0,2,0,1,1,1,1,0,0,2,1,9,1,1,0,2,0,1,4,0,0,0,1,0,5,2,0,4,2,0,0,2,1,0,0,3,1,1,1,2,0,0,1,1,0,1,0,0,1,1,0,0,1,5,0,0,1,1,1,0,2,6,0,1,3,0,1,0,2,1,1,1,3,0,6,0,0,0,2,1,1,2,1,2
171,GCF_002904045.1,Pectobacterium,carotovorum,0,0,0,0,1,0,0,2,0,1,1,1,1,0,0,2,1,9,1,1,1,2,0,1,4,0,0,0,1,0,6,1,0,4,2,0,0,2,1,0,0,3,1,1,1,2,0,0,1,1,0,1,0,0,1,1,0,0,1,5,0,0,1,1,1,0,2,4,1,1,3,0,1,0,2,0,1,1,4,0,6,0,0,0,2,1,1,2,1,2
172,GCF_000808245.1,Pectobacterium,brasiliense,0,0,0,0,1,0,0,2,0,1,1,1,2,0,0,2,1,10,1,2,0,2,0,0,3,0,0,0,1,0,6,1,0,4,2,0,1,1,1,1,0,1,1,2,1,2,0,0,1,1,0,1,0,0,0,0,0,0,1,9,0,0,1,1,1,0,2,1,0,1,3,0,1,0,1,1,1,0,4,0,6,0,0,0,2,1,0,2,1,2
173,GCF_015709085.1,Pectobacterium,aroidearum,0,0,1,0,1,0,0,2,0,1,1,1,1,0,1,2,1,9,1,2,0,2,0,1,3,1,0,0,1,0,6,2,0,5,2,0,1,1,1,0,0,1,1,2,1,2,0,0,1,1,0,1,1,0,0,1,0,0,1,8,0,0,1,1,1,0,2,1,1,1,3,0,1,0,3,1,1,0,4,0,6,0,0,0,2,1,1,2,1,2
174,GCF_016944255.1,Pectobacterium,brasiliense,0,0,0,1,1,0,0,2,0,1,1,1,2,0,0,2,1,10,1,2,0,2,0,0,3,0,0,0,1,0,5,1,0,4,2,0,1,1,1,1,0,1,1,3,1,2,0,0,1,1,0,1,0,0,0,0,0,0,1,6,0,0,1,1,1,0,2,5,0,1,3,0,1,0,1,1,1,0,4,0,6,0,0,0,2,1,1,2,1,2
175,GCF_017656535.1,Dickeya,fangzhongdai,0,0,0,0,0,0,1,2,0,1,1,1,1,0,0,2,1,4,1,2,1,2,0,0,2,0,0,3,1,0,4,2,1,3,3,1,1,1,2,1,0,0,1,1,1,1,0,0,1,1,0,1,0,0,0,2,0,0,1,10,0,0,1,1,1,0,2,8,1,1,3,0,1,0,0,1,1,0,4,0,7,1,0,0,1,1,1,2,1,3
176,GCF_000400525.1,Dickeya,zeae,0,0,0,0,0,0,0,1,0,1,1,1,1,0,0,1,1,3,1,2,1,3,0,0,2,0,0,1,1,0,4,1,0,3,3,1,1,1,2,1,0,0,0,0,1,0,0,0,1,1,0,1,0,0,0,1,0,0,1,9,0,0,1,1,1,0,2,8,1,1,3,0,1,0,0,1,1,0,4,0,7,0,0,0,1,1,0,2,2,3
177,GCF_016949295.1,Pectobacterium,brasiliense,0,0,0,1,1,0,0,2,0,1,1,1,2,0,0,2,1,10,1,2,0,2,0,0,3,0,0,0,1,0,6,1,0,4,2,0,1,1,1,1,0,1,1,3,1,2,0,0,1,1,0,1,0,0,0,0,1,0,1,10,0,1,1,1,1,0,2,2,0,1,3,0,1,0,1,1,1,0,3,0,6,0,0,0,2,1,1,2,1,2
178,GCF_009931195.1,Pectobacterium,carotovorum,0,0,1,0,1,0,0,2,0,1,1,1,1,0,0,2,1,9,1,1,0,2,0,1,3,0,0,0,1,0,6,3,0,4,2,0,1,1,1,1,0,1,1,3,1,2,0,0,1,1,0,1,0,0,1,0,0,0,1,5,0,0,1,1,1,0,2,4,1,1,3,0,1,0,0,0,1,1,3,0,6,0,0,0,2,1,1,2,1,1
179,GCF_003628675.1,Pectobacterium,parmentieri,0,0,1,1,1,0,0,2,0,1,1,1,1,0,1,2,2,8,1,1,0,2,0,1,3,1,0,0,1,0,6,1,0,3,3,0,1,1,1,1,0,0,2,3,1,2,1,0,1,1,0,1,0,0,0,1,0,0,1,10,0,0,1,1,1,0,2,4,0,1,3,0,1,0,2,0,1,0,3,0,4,0,0,0,2,1,1,1,1,2
180,GCF_900129615.1,Pectobacterium,carotovorum,0,0,0,0,1,0,0,2,0,1,1,1,1,0,0,2,1,10,1,2,0,2,0,1,3,0,0,0,1,0,5,2,0,4,2,0,1,1,1,1,0,1,1,2,1,2,0,0,1,1,0,1,0,0,1,1,0,0,1,6,0,0,1,1,1,1,2,2,0,1,3,0,1,0,1,0,1,1,3,0,6,0,1,0,2,1,1,2,1,2
181,GCF_004296715.1,Pectobacterium,carotovorum,0,0,0,0,1,0,0,2,0,1,1,1,1,0,0,2,1,10,1,2,0,2,1,1,3,0,0,0,1,0,5,3,0,4,2,0,1,1,1,1,0,1,1,2,1,2,0,0,1,1,0,1,0,0,1,0,0,0,1,7,0,0,1,1,1,1,2,1,1,1,3,0,1,0,1,0,1,1,3,0,6,0,0,0,2,1,1,2,1,2
182,GCF_016404885.1,Dickeya,solani,0,0,0,0,0,0,0,1,0,1,1,1,1,0,0,2,1,5,1,2,1,2,0,0,2,0,0,2,1,0,5,0,1,2,3,1,1,1,1,1,0,0,1,1,1,1,0,0,1,1,0,1,0,0,0,2,0,0,1,11,0,0,1,1,1,0,2,7,1,1,3,0,1,0,0,1,1,0,4,0,7,0,0,0,1,1,1,2,1,3
183,GCF_000816045.1,Dickeya,oryzae,0,0,0,0,0,0,0,1,0,0,1,1,1,0,0,1,1,5,1,1,1,3,0,0,2,0,0,1,2,0,6,1,0,2,2,1,1,1,2,1,0,0,1,0,1,1,0,0,1,1,0,1,0,0,0,1,0,0,1,8,0,0,1,1,1,0,2,4,1,1,3,0,1,0,0,1,1,0,4,0,7,0,0,0,1,1,0,1,1,3
184,GCF_007833835.1,Pectobacterium,actinidiae,0,0,0,1,1,0,0,2,0,1,1,0,0,0,0,2,1,6,0,1,0,2,0,1,3,0,0,0,0,0,5,1,0,2,1,0,0,0,0,1,0,2,1,1,1,2,0,0,1,1,0,1,1,0,0,1,0,0,1,7,0,1,1,1,1,0,2,0,0,1,1,0,1,0,2,1,0,0,4,0,5,0,0,0,1,1,0,2,0,1
185,GCF_016949835.1,Pectobacterium,brasiliense,0,0,1,1,1,0,0,2,0,1,1,1,2,0,0,2,1,10,1,2,1,2,0,1,3,0,0,0,1,0,7,1,0,4,2,0,1,1,1,1,0,1,1,3,1,2,0,0,1,1,0,1,0,0,0,0,0,0,1,8,0,0,1,1,1,0,2,4,1,1,3,0,1,0,0,1,1,0,3,0,6,0,0,0,2,1,0,2,1,2
186,GCF_014946845.1,Pectobacterium,aquaticum,0,0,0,0,1,0,0,2,0,1,1,1,1,0,0,1,1,9,1,1,1,2,0,0,2,0,0,0,1,0,5,2,0,3,2,0,1,1,1,1,1,1,1,2,1,2,0,0,1,1,0,0,0,0,1,0,0,0,1,1,0,0,1,1,1,0,2,3,0,1,3,0,1,0,2,0,0,1,4,0,4,0,0,0,2,1,1,1,1,2
187,GCF_003049785.1,Dickeya,dadantii,0,0,0,0,0,0,0,2,0,1,1,1,1,0,0,2,1,5,1,2,1,2,0,0,2,0,0,1,1,0,4,3,1,5,3,1,1,1,2,1,0,0,1,1,1,1,0,0,2,1,0,1,0,0,0,2,0,0,1,8,0,0,1,1,1,0,2,5,1,1,3,0,1,0,0,1,1,0,4,0,7,0,0,0,1,1,1,2,1,3
188,GCF_004137815.1,Pectobacterium,zantedeschiae,0,0,1,1,1,0,0,0,0,1,1,1,1,0,1,2,1,9,1,1,0,2,0,1,1,1,0,0,1,0,6,1,0,5,2,0,1,1,1,0,0,2,1,2,1,2,0,0,1,0,0,1,0,0,0,0,0,0,1,12,0,0,0,1,1,0,0,1,0,0,3,0,0,0,3,1,1,0,4,0,2,0,0,0,2,1,1,2,1,2
189,GCF_000511285.2,Dickeya,solani,0,0,0,0,0,0,0,1,0,1,1,1,1,0,0,2,1,5,1,2,1,2,0,0,2,0,0,2,1,0,5,0,1,4,3,1,1,1,1,1,0,0,1,1,1,1,0,0,1,1,0,1,0,0,0,2,0,0,1,11,0,0,1,1,1,0,2,7,1,1,3,0,1,0,0,1,1,0,4,0,7,0,0,0,1,1,1,2,1,3
190,GCF_000406045.1,Dickeya,oryzae,0,0,0,0,0,0,0,1,0,0,1,1,1,0,0,1,1,4,1,2,1,2,0,0,2,0,0,1,1,0,7,1,0,2,3,1,1,1,2,1,0,0,1,0,1,1,0,0,1,1,0,1,0,0,1,1,0,0,1,8,0,0,1,1,1,0,2,6,1,1,3,0,1,0,0,1,1,1,4,0,6,0,0,0,1,1,0,2,1,3
191,GCF_013449535.1,Pectobacterium,brasiliense,0,0,0,1,1,0,0,2,0,1,1,1,2,0,0,2,1,8,1,2,0,2,0,0,3,0,0,0,1,0,7,2,0,4,2,0,1,1,1,1,0,1,1,3,1,2,0,0,1,1,0,1,0,0,0,0,0,0,1,8,0,0,1,1,1,0,2,1,1,1,2,0,1,0,2,1,1,0,3,0,6,0,0,0,2,1,0,2,1,2
192,GCF_013449495.1,Pectobacterium,carotovorum,0,0,0,0,1,0,0,2,0,1,1,1,1,0,0,2,1,10,1,2,0,2,0,1,3,0,0,0,1,0,5,2,0,4,2,0,1,1,1,1,0,1,1,3,1,2,0,0,1,1,0,1,0,0,1,1,0,0,1,6,0,0,1,1,1,1,2,1,1,1,3,0,1,0,2,1,1,1,3,0,6,0,1,0,2,1,1,2,1,2
193,GCF_002250215.1,Pectobacterium,brasiliense,0,0,1,0,1,0,0,2,0,1,1,1,1,0,0,2,1,10,1,1,1,2,0,1,4,0,0,1,1,0,6,2,0,4,2,0,1,2,1,1,0,2,1,2,1,2,0,0,1,1,0,1,0,0,0,0,0,0,1,7,0,0,1,1,1,0,2,2,1,1,3,0,1,0,1,0,1,0,3,0,6,0,0,0,2,1,1,2,1,2
194,GCF_017255075.1,Pectobacterium,brasiliense,0,0,0,1,1,0,0,2,0,1,1,1,2,0,0,2,1,10,1,2,0,2,0,1,3,0,0,0,1,0,6,1,0,4,2,0,1,1,1,1,0,1,1,3,1,2,0,0,1,1,0,1,0,0,0,0,0,0,1,7,0,0,1,1,1,0,2,4,1,1,3,0,1,0,0,1,1,0,2,0,6,0,0,0,2,1,1,2,1,2
195,GCF_013334185.1,Dickeya,solani,0,0,0,0,0,0,0,1,0,1,1,1,1,0,0,2,1,5,1,2,1,2,0,0,2,0,0,2,1,0,5,0,1,3,3,1,1,1,1,1,0,0,1,1,1,0,0,0,1,1,0,1,0,0,0,2,0,0,1,11,0,0,1,1,1,0,2,7,1,1,3,0,1,0,0,1,1,0,4,0,7,0,0,0,1,1,1,2,1,3
196,GCF_000696465.1,Pectobacterium,atrosepticum,0,0,0,1,1,0,0,2,0,1,1,1,1,0,1,2,1,9,1,1,0,2,0,1,4,1,0,0,1,0,7,0,0,4,3,0,1,1,1,1,0,2,1,2,1,2,0,0,1,1,0,0,0,0,0,1,0,0,1,8,0,1,1,1,1,0,2,5,1,1,3,0,1,0,2,1,1,0,4,0,6,0,0,0,2,1,1,2,1,2
197,GCF_014946865.1,Pectobacterium,aquaticum,0,0,0,0,1,0,0,2,0,1,1,1,1,0,0,1,1,9,1,1,0,2,0,0,2,0,0,0,1,0,6,1,0,3,2,0,1,1,1,1,1,1,1,2,1,2,0,0,1,1,0,0,0,0,1,0,0,0,1,3,0,0,1,1,1,0,2,1,0,1,3,0,1,0,1,0,0,1,3,0,4,0,0,0,2,1,1,1,1,2
198,GCF_002904025.1,Pectobacterium,carotovorum,0,0,1,0,1,0,0,2,0,1,1,1,1,0,0,2,1,9,1,1,0,2,0,1,4,0,0,0,1,0,6,3,0,4,2,0,0,2,1,0,0,3,1,1,1,2,0,0,1,1,0,1,0,0,1,1,0,0,1,4,0,0,1,1,1,0,2,3,1,1,3,0,1,1,0,1,1,1,3,0,6,0,1,0,2,1,1,2,1,2
199,GCF_018361225.1,Dickeya,dianthicola,0,0,0,0,0,0,0,1,0,2,1,1,1,1,0,2,1,5,1,2,1,2,0,0,2,0,0,2,1,0,8,1,0,3,3,0,1,2,1,1,0,0,1,1,2,1,0,0,1,1,0,1,0,1,1,2,0,0,1,8,0,0,1,1,1,0,2,5,1,1,3,0,1,0,0,1,1,1,4,0,6,0,0,0,1,1,1,2,2,3
200,GCF_003628015.1,Pectobacterium,parmentieri,0,0,1,1,1,0,0,2,0,1,1,1,1,0,1,2,2,8,1,1,0,2,0,1,3,1,0,0,1,0,7,1,0,3,3,0,1,1,1,1,0,0,2,3,1,2,1,0,1,1,0,1,0,0,0,1,0,0,1,9,0,0,1,1,1,0,2,4,0,1,3,0,1,0,2,0,1,0,3,0,5,0,0,0,2,1,1,1,1,2
201,GCF_004296765.1,Pectobacterium,carotovorum,0,0,0,0,1,0,0,2,0,1,1,1,1,0,0,2,1,10,1,1,0,2,0,1,3,0,0,0,1,0,6,2,0,4,2,0,1,1,1,1,0,1,1,2,1,2,0,0,1,1,0,1,0,0,1,0,0,0,1,6,0,0,1,1,1,0,2,3,1,1,3,0,1,0,0,0,1,1,3,0,6,0,0,0,2,1,1,2,1,2
202,GCF_016949705.1,Pectobacterium,brasiliense,0,0,0,0,1,0,0,2,0,1,1,1,2,0,0,2,1,10,1,2,0,2,0,0,3,0,0,0,1,0,6,1,0,4,2,0,1,1,1,1,0,1,1,3,1,2,0,0,1,1,0,1,0,0,0,0,0,0,1,7,0,0,1,1,1,0,2,4,1,1,3,0,1,0,0,1,1,0,2,0,6,0,0,0,2,1,0,2,1,2
203,GCF_016949435.1,Pectobacterium,brasiliense,0,0,1,1,1,0,0,2,0,1,1,1,2,0,0,2,1,10,1,2,1,2,0,1,3,0,0,0,1,0,8,1,0,4,2,0,1,1,1,1,0,1,1,3,1,2,0,0,1,1,0,1,0,0,0,0,0,0,1,8,0,0,1,1,1,0,2,4,1,1,3,0,1,0,0,1,1,0,3,0,6,0,0,0,2,1,0,2,1,2
204,GCF_016988595.1,Pectobacterium,brasiliense,0,0,1,1,1,0,0,2,0,1,1,1,2,0,0,2,1,10,1,2,1,2,0,0,3,0,0,0,1,0,5,2,0,4,2,0,1,1,1,1,0,1,1,2,1,2,0,0,1,1,0,1,0,0,0,0,0,0,1,7,0,1,1,1,1,0,2,2,0,1,3,0,1,0,1,1,1,0,3,0,6,0,0,0,2,1,0,2,1,2
205,GCF_002904225.1,Pectobacterium,carotovorum,0,0,1,0,1,0,0,2,0,1,1,1,1,0,0,2,1,9,1,1,0,2,1,1,4,0,0,0,1,0,6,2,0,4,2,0,0,2,1,0,0,3,1,1,1,2,0,0,1,1,0,1,0,0,1,1,0,0,1,6,0,0,1,1,1,1,2,3,1,1,3,0,1,0,1,1,1,1,4,0,6,0,0,0,2,1,1,2,1,2
206,GCF_016949695.1,Pectobacterium,polaris,0,0,1,0,1,0,0,2,0,1,1,1,1,0,0,2,1,9,1,2,0,2,1,1,3,0,0,0,1,0,6,3,0,4,2,0,1,1,1,1,0,1,1,2,1,2,0,0,1,1,1,1,0,0,0,0,0,0,1,6,0,0,1,1,1,0,2,2,1,1,3,0,1,0,1,1,1,0,4,0,6,0,1,0,2,1,1,2,1,2
207,GCF_000808295.1,Pectobacterium,brasiliense,0,0,1,0,1,0,0,2,0,1,1,1,2,0,0,2,1,10,1,2,0,2,0,0,3,0,0,0,1,0,5,0,0,4,2,0,1,1,1,1,0,1,1,2,1,2,0,0,1,1,0,1,0,0,0,0,0,0,1,5,0,0,1,1,1,0,2,4,1,1,4,0,1,0,0,1,1,0,3,0,6,0,0,0,2,1,0,2,1,2
208,GCF_002904195.1,Pectobacterium,carotovorum,0,0,1,0,1,0,0,1,0,1,1,1,1,0,0,2,1,9,1,1,0,2,0,1,4,0,0,0,1,0,7,1,0,4,2,0,0,2,0,0,0,3,1,1,1,2,0,0,1,1,0,1,0,0,1,1,0,0,1,4,0,0,1,1,1,0,2,3,1,1,3,0,1,1,0,1,1,1,4,0,6,0,1,0,2,1,1,2,1,2
209,GCF_000808435.1,Pectobacterium,carotovorum,0,0,0,0,1,0,0,2,0,1,1,1,1,0,0,2,1,10,1,2,0,2,0,1,3,0,0,0,1,0,5,2,0,4,2,0,1,1,1,1,0,1,1,2,1,2,0,0,1,1,0,1,0,0,1,0,0,0,1,7,0,0,1,1,1,0,2,1,1,1,3,0,1,0,1,0,1,1,3,0,6,0,1,0,2,1,1,2,1,2
210,GCF_016949995.1,Pectobacterium,brasiliense,0,0,1,1,1,0,0,2,0,1,1,1,2,0,0,2,1,10,1,2,1,2,0,1,3,0,0,0,1,0,7,1,0,4,2,0,1,1,1,1,0,1,1,3,1,2,0,0,1,1,0,1,0,0,0,0,0,0,1,8,0,0,1,1,1,0,2,4,1,1,3,0,1,0,0,1,1,0,3,0,6,0,0,0,2,1,0,2,1,2
211,GCF_004296665.1,Pectobacterium,carotovorum,0,0,1,0,1,0,0,2,0,1,1,1,1,0,0,2,1,10,1,1,0,2,0,1,3,0,0,0,1,0,6,1,0,4,2,0,1,1,1,1,0,1,1,2,1,2,0,0,1,1,0,1,0,0,1,0,0,0,1,5,0,0,1,1,1,0,2,4,1,1,3,0,1,0,0,0,1,1,3,0,6,0,0,0,2,1,1,2,1,2
212,GCF_003312355.1,Pectobacterium,peruviense,0,0,0,1,1,0,0,2,0,1,1,1,1,0,1,2,1,10,1,1,0,2,0,1,3,1,0,0,1,0,7,2,0,4,2,0,1,1,1,1,0,1,1,4,1,2,0,0,1,1,0,1,0,0,0,1,0,0,1,7,0,0,1,1,1,1,2,4,0,1,3,0,1,0,2,1,1,0,4,0,6,0,0,0,2,1,1,2,1,2
213,GCF_000808375.1,Pectobacterium,brasiliense,0,0,0,1,1,0,0,2,0,1,1,1,2,0,0,2,1,11,1,2,0,2,0,0,3,0,0,0,1,0,6,2,0,4,2,1,1,1,1,1,0,1,1,2,1,2,0,0,1,1,0,1,0,0,0,0,0,0,1,5,0,0,1,1,1,0,2,1,0,1,3,0,1,0,1,1,1,0,4,0,6,0,0,0,2,1,0,2,1,2
214,GCF_014893095.1,Dickeya,dianthicola,0,0,0,0,0,0,0,2,0,2,1,1,1,1,0,2,1,5,1,2,2,2,0,0,2,0,0,1,1,0,5,1,0,3,4,0,1,1,1,1,0,0,1,1,2,1,0,0,1,1,1,1,0,0,0,2,0,0,1,9,0,0,1,1,1,0,2,5,1,1,3,0,1,0,0,1,1,0,4,0,6,0,0,0,1,1,1,2,2,3
215,GCF_014946775.1,Pectobacterium,aquaticum,0,0,0,0,1,0,0,2,0,1,1,1,1,0,0,1,1,9,1,1,1,2,0,0,2,0,0,0,1,0,5,2,0,3,2,0,1,1,1,1,1,1,1,2,1,2,0,0,1,1,0,0,0,0,1,0,0,0,1,2,0,0,1,1,1,0,2,2,1,1,3,0,1,0,1,0,0,1,4,0,4,0,0,0,2,1,1,1,1,2
216,GCF_003628655.1,Pectobacterium,parmentieri,0,0,1,1,1,0,0,2,0,1,1,1,1,0,1,2,2,7,1,1,1,2,0,1,3,1,0,0,1,0,7,1,0,3,3,0,1,1,1,1,0,0,2,3,1,2,1,0,1,1,0,1,0,0,0,1,0,0,1,10,0,1,1,1,1,0,2,3,0,1,3,0,1,0,1,0,1,0,4,0,5,0,0,0,2,1,1,1,1,2
217,GCF_013488025.1,Pectobacterium,carotovorum,0,0,0,0,1,0,0,2,0,1,1,1,1,0,0,2,1,10,1,1,0,2,0,1,3,0,0,0,1,0,5,4,0,4,2,0,1,1,1,1,0,1,1,3,1,2,0,0,1,1,0,1,0,0,1,0,0,0,1,5,0,0,1,1,1,0,2,4,1,1,3,0,1,0,0,1,1,1,3,0,6,0,0,0,2,1,1,2,1,2
218,GCF_016949335.1,Pectobacterium,brasiliense,0,0,1,1,1,0,0,2,0,1,1,1,2,0,0,2,1,10,1,2,1,2,0,1,3,0,0,0,1,0,8,1,0,4,2,0,1,1,1,1,0,1,1,3,1,2,0,0,1,1,0,1,0,0,0,0,0,0,1,8,0,0,1,1,1,0,2,4,1,1,3,0,1,0,0,1,1,0,3,0,6,0,0,0,2,1,0,2,1,2
219,GCF_009931215.1,Pectobacterium,carotovorum,0,0,1,0,1,0,0,2,0,1,1,1,1,0,0,2,1,10,1,1,0,2,0,1,3,0,0,0,1,0,6,2,0,2,2,0,1,1,1,1,0,1,1,2,1,2,0,0,1,1,0,1,0,0,1,0,0,0,1,5,0,0,1,1,1,0,2,4,1,1,3,0,1,0,0,1,1,1,3,0,6,0,0,0,2,1,0,2,1,2
220,GCF_013449415.1,Pectobacterium,carotovorum,0,0,0,0,1,0,0,2,0,1,1,1,1,0,0,2,1,10,1,2,0,2,0,1,3,0,0,0,1,0,5,1,0,4,2,0,1,1,1,1,0,1,1,3,1,2,0,0,1,1,0,1,0,0,1,1,0,0,1,5,0,0,1,1,1,0,2,1,1,1,3,0,1,0,1,1,1,1,3,0,6,0,1,0,2,1,1,2,1,2
221,GCF_000025065.1,Dickeya,zeae,0,0,0,0,0,0,0,1,0,1,1,1,1,0,0,1,1,4,1,2,2,3,0,0,2,0,0,1,1,0,6,0,0,2,3,1,1,1,2,1,0,0,1,0,1,1,0,0,1,1,0,1,0,0,1,1,0,0,1,10,0,0,1,1,1,0,2,7,1,1,3,0,1,0,0,1,1,1,4,0,6,0,0,0,1,1,0,2,1,3
222,GCF_018361185.1,Dickeya,dianthicola,0,0,0,0,0,0,0,1,0,2,1,1,1,1,0,2,1,5,1,2,1,2,0,0,2,0,0,2,1,0,8,1,0,3,3,0,1,2,1,1,0,0,1,1,2,1,0,0,1,1,0,1,0,1,1,2,0,0,1,8,0,0,1,1,1,0,2,5,1,1,3,0,1,0,0,1,1,1,4,0,6,0,0,0,1,1,1,2,2,3
223,GCF_000758345.1,Dickeya,fangzhongdai,0,0,0,0,0,0,1,2,0,1,1,1,1,0,0,2,1,5,1,2,1,2,0,0,2,0,0,3,1,0,5,1,1,3,3,1,1,1,2,1,0,0,1,1,1,1,0,0,1,1,0,1,0,0,0,2,0,0,1,11,0,0,1,1,1,0,2,8,1,1,3,0,1,0,0,1,1,0,4,0,8,1,0,0,1,1,1,2,1,3
224,GCF_004296685.1,Pectobacterium,carotovorum,0,0,0,0,1,0,0,2,0,1,1,1,1,0,0,2,1,10,1,2,0,2,1,0,3,0,0,0,1,0,5,1,0,4,2,0,1,1,1,1,0,1,1,3,1,2,0,0,1,1,0,1,0,0,1,1,0,0,1,6,0,0,1,1,1,0,2,2,0,1,3,0,1,0,0,1,1,1,2,0,6,0,0,0,2,1,1,2,1,2
225,GCF_018634035.1,Pectobacterium,atrosepticum,0,0,0,1,1,0,0,1,0,1,1,1,1,0,1,2,1,9,1,1,0,2,0,1,3,1,0,0,1,0,6,0,0,4,3,0,1,1,1,1,0,2,1,2,1,2,0,0,1,1,0,1,0,0,0,1,0,0,1,8,0,0,1,1,1,0,2,5,1,1,3,0,1,0,1,1,1,0,4,0,6,0,0,0,2,1,1,2,1,2
226,GCF_000769535.1,Pectobacterium,carotovorum,0,0,0,0,1,0,0,1,0,1,1,1,1,0,0,2,1,7,1,1,0,2,1,1,3,0,0,0,1,0,5,2,0,4,2,0,0,2,1,0,0,3,0,1,1,1,0,0,0,1,0,1,0,0,1,0,0,0,1,6,0,0,1,1,1,1,0,3,1,0,3,0,1,0,1,1,1,1,4,0,5,0,0,0,2,1,0,2,0,1
227,GCF_000023545.1,Dickeya,paradisiaca,0,0,0,0,0,0,0,2,0,0,1,1,1,0,0,1,1,7,1,1,1,2,0,0,2,0,0,1,1,0,4,1,0,2,3,1,1,1,2,1,1,0,0,0,1,0,0,0,1,1,0,1,0,0,0,1,0,0,1,8,0,0,1,1,1,0,2,5,0,1,3,0,1,0,0,1,1,0,4,0,6,0,0,0,1,1,0,0,0,3
228,GCF_004296725.1,Pectobacterium,carotovorum,0,0,0,0,1,0,0,2,0,1,1,1,1,0,0,2,1,10,1,1,0,2,0,1,3,0,0,0,1,0,5,1,0,4,2,0,1,1,1,1,0,1,1,2,1,2,0,0,1,1,0,1,0,0,1,0,0,0,1,7,0,0,1,1,1,0,2,3,1,1,3,0,1,0,0,1,1,1,3,0,6,0,0,0,2,1,1,2,1,2
229,GCF_016949095.1,Pectobacterium,brasiliense A,0,0,1,0,1,0,0,2,0,0,1,1,1,0,0,2,1,9,1,1,0,2,0,0,2,0,0,0,1,0,7,2,0,3,2,0,1,1,1,1,1,1,1,1,1,2,0,0,1,1,0,0,0,0,0,0,0,0,1,6,0,0,1,1,1,0,2,3,0,1,3,0,1,0,1,0,1,0,3,0,5,0,0,0,2,1,1,1,1,2
230,GCF_018361205.1,Dickeya,dianthicola,0,0,0,0,0,0,0,1,0,2,1,1,1,1,0,2,1,5,1,2,1,2,0,0,2,0,0,2,1,0,8,1,0,3,3,0,1,2,1,1,0,0,1,1,2,1,0,0,1,1,0,1,0,1,1,2,0,0,1,8,0,0,1,1,1,0,2,5,1,1,3,0,1,0,0,1,1,1,4,0,6,0,0,0,1,1,1,2,2,3
231,GCF_002921285.1,Pectobacterium,carotovorum,0,0,0,0,1,0,0,2,0,1,1,1,1,0,0,2,1,10,1,1,0,2,1,1,3,0,0,0,1,0,5,1,0,4,2,0,1,1,1,1,0,1,1,2,1,2,0,0,1,1,0,1,0,0,1,0,0,0,1,5,0,0,1,1,1,0,2,4,1,1,3,0,1,0,0,1,1,1,3,0,6,0,0,0,2,1,1,2,1,2
232,GCF_000808115.1,Pectobacterium,brasiliense,0,0,0,1,1,0,0,2,0,1,1,1,2,0,0,2,1,10,1,2,0,2,0,1,3,0,0,0,1,0,6,2,0,4,2,1,1,1,1,1,0,1,1,2,1,2,0,0,1,1,0,1,0,0,0,0,0,0,1,5,0,0,1,1,1,0,2,1,1,1,3,0,1,0,1,1,1,0,4,0,6,0,0,0,2,1,0,2,1,2
233,GCF_014854775.1,Dickeya,fangzhongdai,0,0,0,0,0,0,0,2,0,1,1,1,1,0,0,2,1,5,1,2,1,2,0,0,2,0,0,2,1,0,5,1,1,3,3,1,1,1,2,1,0,0,1,1,1,1,0,0,1,1,0,1,0,0,0,1,0,0,1,9,0,0,1,1,1,0,2,8,1,1,3,0,1,0,0,1,1,0,4,0,7,1,0,0,1,1,1,2,1,3
234,GCF_002804265.1,Pectobacterium,atrosepticum,0,0,0,1,1,0,0,2,0,1,1,1,1,0,1,2,1,9,1,1,0,2,0,1,4,1,0,0,1,0,7,0,0,4,3,0,1,1,1,1,0,2,1,2,1,2,0,0,1,1,0,1,0,0,0,1,0,0,1,8,0,1,1,1,1,0,2,5,1,1,3,0,1,0,2,1,1,0,4,0,6,0,0,0,2,1,1,2,1,2
235,GCF_018361125.1,Dickeya,dianthicola,0,0,0,0,0,0,0,1,0,2,1,1,1,1,0,2,1,5,1,2,1,2,0,0,2,0,0,2,1,0,8,1,0,3,3,0,1,2,1,1,0,0,1,1,2,1,0,0,1,1,0,1,0,1,1,2,0,0,1,8,0,0,1,1,1,0,2,5,1,1,3,0,1,0,0,1,1,1,4,0,6,0,0,0,1,1,1,2,2,3
236,GCF_016949515.1,Pectobacterium,brasiliense,0,0,0,1,1,0,0,2,0,1,1,1,2,0,0,2,1,9,1,2,0,2,0,0,3,0,0,1,1,0,5,1,0,4,2,0,1,1,1,1,0,1,1,3,1,1,0,0,1,1,0,1,0,0,0,0,1,0,1,8,0,1,1,1,1,1,2,2,0,1,3,0,1,0,1,1,1,0,3,0,6,0,0,0,2,1,0,2,1,2
237,GCF_016950285.1,Pectobacterium,brasiliense,0,0,0,1,1,0,0,2,0,1,1,1,2,0,0,2,1,10,1,2,0,2,0,0,3,0,0,0,1,0,6,1,0,4,2,0,1,1,1,1,0,1,1,3,1,2,0,0,1,1,0,1,0,0,0,0,0,0,1,6,0,0,1,1,1,0,2,2,1,1,3,0,1,0,0,1,1,0,2,0,6,0,0,0,2,1,0,2,1,2
238,GCF_016949885.1,Pectobacterium,brasiliense,0,0,1,1,1,0,0,2,0,1,1,1,2,0,0,2,1,10,1,2,1,2,0,1,3,0,0,0,1,0,7,1,0,4,2,0,1,1,1,1,0,1,1,3,1,2,0,0,1,1,0,1,0,0,0,0,0,0,1,8,0,0,1,1,1,0,2,4,1,1,3,0,1,0,0,1,1,0,3,0,6,0,0,0,2,1,0,2,1,2
239,GCF_002920045.2,Pectobacterium,parmentieri,0,0,1,1,1,0,0,2,0,1,1,1,1,0,1,2,2,7,1,1,0,2,0,1,3,1,0,0,1,0,5,0,0,3,3,0,1,1,1,1,0,0,2,3,1,2,1,0,1,1,0,1,0,0,0,1,0,0,1,8,0,0,1,1,1,0,2,4,0,1,3,0,1,0,2,0,1,0,3,0,5,0,0,0,2,1,1,1,1,2
240,GCF_018361105.1,Dickeya,dianthicola,0,0,0,0,0,0,0,1,0,2,1,1,1,1,0,2,1,5,1,2,1,2,0,0,2,0,0,2,1,0,8,1,0,3,3,0,1,2,1,1,0,0,1,1,2,1,0,0,1,1,0,1,0,1,1,2,0,0,1,8,0,0,1,1,1,0,2,5,1,1,3,0,1,0,0,1,1,1,4,0,6,0,0,0,1,1,1,2,2,3
241,GCF_002921295.1,Pectobacterium,carotovorum,0,0,0,0,1,0,0,2,0,1,1,1,1,0,0,2,1,10,1,1,0,2,1,1,3,0,0,0,1,0,5,1,0,4,2,0,1,1,1,1,0,1,1,2,1,2,0,0,1,1,0,1,0,0,1,0,0,0,1,5,0,0,1,1,1,0,2,4,1,1,3,0,1,0,0,1,1,1,3,0,6,0,0,0,2,1,1,2,1,2
242,GCF_003312345.1,Pectobacterium,peruviense,0,0,0,1,1,0,0,2,0,1,1,1,1,0,1,2,1,10,1,1,0,2,0,1,3,1,0,0,1,0,5,1,0,4,3,0,1,1,1,1,0,1,1,4,1,2,0,0,1,1,0,1,0,0,0,1,0,0,1,7,0,0,1,1,1,1,2,4,0,1,3,0,1,0,2,1,1,0,3,0,6,0,0,0,2,1,1,2,1,2
243,GCF_013449675.1,Pectobacterium,carotovorum,0,0,0,0,1,0,0,2,0,1,1,1,1,0,0,2,1,10,1,2,0,2,0,1,3,0,0,0,1,0,6,1,0,4,2,0,1,1,1,1,0,1,1,2,1,2,0,0,1,1,1,1,0,0,1,0,0,0,1,5,0,0,1,1,1,0,2,4,1,1,2,0,1,0,0,1,1,1,3,0,6,0,0,0,2,1,1,2,1,2
244,GCF_000400505.1,Dickeya,paradisiaca,0,0,0,0,0,0,0,2,0,0,1,1,1,0,0,1,1,5,1,1,1,2,0,0,2,0,0,1,1,0,4,1,0,2,3,1,1,1,2,1,1,0,0,0,1,0,0,0,1,1,0,1,0,0,0,1,0,0,1,8,0,0,1,1,1,0,2,5,0,1,3,0,1,0,0,1,1,0,4,0,6,0,0,0,1,1,0,0,0,3
245,GCF_005497185.1,Pectobacterium,polonicum,0,0,1,0,1,0,0,2,0,1,1,1,1,0,1,2,1,8,1,1,1,2,0,1,3,1,0,0,1,0,6,3,0,4,2,0,0,1,1,1,0,0,1,2,1,2,0,0,1,1,0,1,1,0,0,1,0,0,1,7,0,1,1,1,1,1,2,1,0,1,3,0,1,0,1,0,1,0,3,0,6,0,0,0,2,1,1,2,1,2
246,GCF_000757625.1,Pectobacterium,parmentieri,0,0,1,1,1,0,0,2,0,1,1,1,1,0,1,2,2,8,1,1,0,2,0,1,3,1,0,0,1,0,6,1,0,3,3,0,1,1,1,1,0,0,2,3,1,2,1,0,1,1,0,1,0,0,0,1,0,0,1,10,0,0,1,1,1,0,2,4,0,1,3,0,1,0,2,0,1,0,3,0,5,0,0,0,2,1,1,1,1,2
247,GCF_000406285.1,Dickeya,aquatica,0,0,0,0,0,0,0,1,0,1,1,1,1,0,0,1,2,4,1,1,1,2,0,0,1,0,0,2,1,0,4,0,0,2,2,0,1,1,1,1,0,0,1,1,1,1,0,0,1,1,0,1,0,0,1,2,0,0,1,4,0,0,1,1,1,0,2,2,1,1,3,0,1,0,0,0,1,1,5,0,5,1,0,0,1,1,0,2,2,3
248,GCF_016949135.1,Pectobacterium,brasiliense,0,0,1,0,1,0,0,2,0,1,1,1,2,0,0,2,1,11,1,2,0,2,0,0,3,0,0,0,1,0,6,1,0,4,2,0,1,1,1,1,0,1,1,2,1,2,0,0,1,1,0,1,0,0,0,0,0,0,1,8,0,1,1,1,1,0,2,2,0,1,3,0,1,0,1,1,1,0,4,0,6,0,0,0,2,1,0,2,1,2
249,GCF_013449605.1,Pectobacterium,carotovorum,0,0,0,0,1,0,0,2,0,1,1,1,1,0,0,2,1,10,1,2,0,2,1,1,3,0,0,0,1,0,8,1,0,3,2,0,1,1,1,1,0,1,1,3,1,2,0,0,1,1,0,1,0,0,1,0,0,0,1,7,0,0,1,1,1,0,2,4,1,1,2,0,1,0,0,1,1,1,2,0,6,0,0,0,2,1,1,2,1,2
250,GCF_003382625.2,Pectobacterium,aquaticum,0,0,1,0,1,0,0,2,0,1,1,1,1,0,0,1,1,8,1,1,0,2,0,0,2,0,0,0,1,0,6,2,0,3,2,0,1,1,0,1,1,1,1,2,1,2,0,1,1,1,0,0,0,0,1,1,0,0,1,5,0,1,1,1,1,0,2,1,0,1,3,0,1,0,1,0,0,1,3,0,4,0,0,0,2,1,0,1,1,2
251,GCF_018361065.1,Dickeya,dianthicola,0,0,0,0,0,0,0,1,0,2,1,1,1,1,0,2,1,5,1,2,1,2,0,0,2,0,0,2,1,0,8,1,0,3,3,0,1,2,1,1,0,0,1,1,2,1,0,0,1,1,0,1,0,1,1,2,0,0,1,8,0,0,1,1,1,0,2,5,1,1,3,0,1,0,0,1,1,1,4,0,6,0,0,0,1,1,1,2,2,3
252,GCF_016949655.1,Pectobacterium,brasiliense,0,0,1,1,1,0,0,2,0,1,1,1,2,0,0,2,1,10,1,2,1,2,0,1,3,0,0,0,1,0,8,1,0,4,2,0,1,1,1,1,0,1,1,3,1,2,0,0,1,1,0,1,0,0,0,0,0,0,1,8,0,0,1,1,1,0,2,4,1,1,3,0,1,0,0,1,1,0,3,0,6,0,0,0,2,1,0,2,1,2
253,GCF_003628715.1,Pectobacterium,parmentieri,0,0,1,1,1,0,0,2,0,1,1,1,1,0,1,2,2,8,1,1,0,2,0,1,3,1,0,0,1,0,6,1,0,3,3,0,1,1,1,1,0,0,2,3,1,2,1,0,1,1,0,1,0,0,0,1,0,0,1,10,0,0,1,1,1,0,2,4,0,1,3,0,1,0,2,0,1,0,3,0,5,0,0,0,2,1,1,1,1,2
254,GCF_009931535.1,Pectobacterium,parmentieri,0,0,1,1,1,0,0,2,0,1,1,1,1,0,1,2,2,8,1,1,1,2,0,1,3,1,0,0,0,0,8,2,0,3,3,0,1,1,1,1,0,0,2,2,1,2,1,0,1,1,0,1,0,0,0,1,0,0,1,7,0,0,1,1,1,0,2,4,0,1,3,0,1,0,2,0,1,0,3,0,5,0,0,0,2,1,1,1,1,2
255,GCF_000011605.1,Pectobacterium,atrosepticum,0,0,1,1,1,0,0,2,0,1,1,1,1,0,1,2,1,9,1,1,0,2,1,1,4,1,0,0,1,0,7,0,0,4,3,0,1,1,1,1,0,2,1,2,1,2,0,0,1,1,0,1,0,0,0,1,0,0,1,8,0,1,1,1,1,0,2,5,1,1,3,0,1,0,2,1,1,0,4,0,6,0,0,0,2,1,1,2,1,2
256,GCF_002906735.1,Dickeya,dianthicola,0,0,0,0,0,0,0,1,0,2,1,1,1,1,0,2,1,5,1,2,1,2,0,0,2,0,0,2,1,0,8,1,0,3,3,0,1,2,1,1,0,0,1,1,2,1,0,0,1,1,0,1,0,1,1,2,0,0,1,8,0,0,1,1,1,0,2,5,1,1,3,0,1,0,0,1,1,1,4,0,6,0,0,0,1,1,1,2,2,3
257,GCF_001644705.1,Dickeya,solani,0,0,0,0,0,0,0,1,0,1,1,1,1,0,0,2,1,5,1,2,1,2,0,0,2,0,0,2,1,0,5,0,1,4,3,1,1,1,1,1,0,0,1,1,1,1,0,0,1,1,0,1,0,0,0,2,0,0,1,11,0,0,1,1,1,0,2,7,1,1,3,0,1,0,0,1,1,0,4,0,7,0,0,0,1,1,1,2,1,3
258,GCF_000406245.1,Dickeya,chrysanthemi,0,0,0,0,0,0,0,1,0,1,1,1,1,0,0,2,1,5,1,2,1,2,0,0,2,0,0,1,1,0,5,1,0,4,3,0,1,1,1,1,0,0,1,2,1,1,0,0,1,1,1,1,0,0,0,2,0,0,1,8,0,0,1,1,1,0,2,7,1,1,3,0,1,0,0,1,1,0,4,0,6,1,0,0,1,1,1,2,2,3
259,GCF_002904005.1,Pectobacterium,carotovorum,0,0,1,0,1,0,0,2,0,1,1,1,1,0,0,2,1,9,1,1,0,2,0,1,4,0,0,0,1,0,7,2,0,4,2,0,0,2,1,0,0,3,1,1,1,2,0,0,1,1,0,0,0,0,1,1,0,0,1,6,0,0,1,1,1,0,2,3,1,1,3,0,1,0,1,1,1,1,4,0,6,0,0,0,2,1,1,2,1,2
260,GCF_013449375.1,Pectobacterium,sp013449375,0,0,1,0,1,0,0,2,0,1,1,1,2,0,0,2,1,10,1,1,0,2,0,0,2,0,0,0,1,0,5,1,0,4,3,0,1,1,1,1,0,1,1,2,1,2,0,0,1,1,0,1,0,0,0,0,0,0,1,8,0,1,1,1,1,0,2,1,0,1,3,0,1,0,1,1,1,0,2,0,5,0,0,0,2,1,0,2,1,2
261,GCF_017897245.1,Dickeya,oryzae,0,0,0,0,0,0,0,1,0,0,1,1,1,0,0,1,1,4,1,2,1,2,0,0,2,0,0,2,2,0,6,1,0,2,3,1,1,1,2,1,0,0,1,0,1,1,0,0,1,1,0,1,0,0,1,1,0,0,1,8,0,0,1,1,1,0,2,6,1,1,3,0,1,0,0,1,1,1,4,0,6,0,0,0,1,1,0,2,1,3
262,GCF_000808385.1,Pectobacterium,brasiliense,0,0,1,1,1,0,0,2,0,1,1,1,2,0,0,2,1,10,1,2,0,2,0,1,3,0,0,0,0,0,6,0,0,4,2,0,1,1,1,1,0,1,1,2,1,2,0,0,1,1,0,1,0,0,0,0,0,0,1,5,0,0,1,1,1,0,2,4,1,1,3,0,1,0,0,1,1,0,3,0,6,0,0,0,2,1,0,2,1,2
263,GCF_002846975.1,Dickeya,solani,0,0,0,0,0,0,0,1,0,1,1,1,1,0,0,2,1,5,1,2,1,2,0,0,2,0,0,2,1,0,5,0,1,4,3,1,1,1,1,1,0,0,1,1,1,1,0,0,1,1,0,1,0,0,0,2,0,0,1,11,0,0,1,1,1,0,2,7,1,1,3,0,1,0,0,1,1,0,4,0,7,0,0,0,1,1,1,2,1,3
264,GCF_014854755.1,Dickeya,fangzhongdai,0,0,0,0,0,0,0,2,0,1,1,1,1,0,0,2,1,5,1,2,1,2,0,0,2,0,0,2,1,0,5,1,1,3,3,1,1,1,2,1,0,0,1,1,1,1,0,0,1,1,0,1,0,0,0,1,0,0,1,9,0,0,1,1,1,0,2,8,1,1,3,0,1,0,0,1,1,0,4,0,7,1,0,0,1,1,1,2,1,3
265,GCF_016949085.1,Pectobacterium,aquaticum,0,0,0,0,1,0,0,2,0,1,1,1,1,0,0,1,1,9,1,1,0,2,0,0,2,0,0,0,1,0,6,1,0,3,2,0,1,1,1,1,1,1,1,2,1,2,0,0,1,1,0,0,0,0,1,0,0,0,1,3,0,0,1,1,1,0,2,2,0,1,3,0,1,0,1,0,0,1,3,0,4,0,0,0,2,1,1,1,1,2
266,GCF_002904085.1,Pectobacterium,carotovorum,0,0,1,0,1,0,0,2,0,1,1,1,1,0,0,2,1,9,1,1,0,2,0,1,4,0,0,0,1,0,6,2,0,4,2,0,0,2,1,0,0,3,1,1,1,2,0,0,1,1,0,1,0,0,1,1,0,0,1,5,0,0,1,1,1,0,2,4,0,1,3,0,1,0,2,1,1,1,4,0,6,0,0,0,2,1,1,2,1,2
267,GCF_016404925.1,Dickeya,solani,0,0,0,0,0,0,0,1,0,1,1,1,1,0,0,2,1,5,1,2,1,2,0,0,2,0,0,2,1,0,5,0,1,4,3,1,1,1,1,1,0,0,1,1,1,1,0,0,1,1,0,1,0,0,0,2,0,0,1,11,0,0,1,1,1,0,2,7,1,1,3,0,1,0,0,1,1,0,4,0,7,0,0,0,1,1,1,2,1,3
268,GCF_000365405.2,Dickeya,dianthicola,0,0,0,0,0,0,0,1,0,2,1,1,1,1,0,2,1,5,1,2,1,2,0,0,2,0,0,1,1,0,7,0,0,3,3,0,1,2,1,1,0,0,1,1,2,1,0,0,1,1,1,1,0,1,1,2,0,0,1,8,0,0,1,1,1,0,2,5,1,1,3,0,1,0,0,1,1,1,4,0,6,0,0,0,1,1,1,2,2,3
269,GCF_016950195.1,Pectobacterium,brasiliense,0,0,1,1,1,0,0,2,0,1,1,1,1,0,0,2,1,11,1,1,0,2,0,1,4,0,0,0,1,0,6,1,0,4,2,0,1,1,1,1,0,2,1,2,1,2,0,0,1,1,0,1,0,0,0,0,0,0,1,7,0,0,1,1,1,0,2,2,1,1,3,0,1,0,2,1,1,0,3,0,6,0,1,0,2,1,1,2,1,2
270,GCF_016949155.1,Pectobacterium,brasiliense,0,0,0,1,1,0,0,2,0,1,1,1,1,0,0,2,1,10,1,2,0,2,0,1,3,0,0,0,1,0,7,2,0,4,2,1,1,1,1,1,0,1,1,3,1,2,0,0,1,1,0,1,0,0,0,0,0,0,1,6,0,0,1,1,1,0,2,4,1,1,3,0,1,0,0,1,1,0,2,0,6,0,0,0,2,1,1,2,1,2
271,GCF_016949055.1,Pectobacterium,brasiliense A,0,0,1,0,1,0,0,2,0,0,1,1,1,0,0,2,1,9,1,1,0,2,0,0,2,0,0,0,1,0,6,2,0,3,2,0,1,1,1,1,1,1,1,1,1,2,0,0,1,1,0,0,0,0,0,0,0,0,1,7,0,0,1,1,1,0,2,3,0,1,3,0,1,0,1,0,1,0,3,0,5,0,0,0,2,1,1,1,1,2
272,GCF_016949775.1,Pectobacterium,brasiliense,0,0,1,1,1,0,0,2,0,1,1,1,2,0,0,2,1,10,1,2,0,2,0,0,3,0,0,0,1,0,6,1,0,4,2,0,1,1,1,1,0,1,1,3,1,2,0,0,1,1,0,1,0,0,0,0,0,0,1,7,0,0,1,1,1,0,2,4,1,1,3,0,1,0,0,1,1,0,2,0,6,0,0,0,2,1,1,2,1,2
273,GCF_016949345.1,Pectobacterium,brasiliense,0,0,0,1,1,0,0,2,0,1,1,1,2,0,0,2,1,10,1,2,0,2,0,0,3,0,0,0,1,0,6,1,0,4,2,0,1,1,1,1,0,1,1,2,1,2,0,0,1,1,0,1,0,0,0,0,1,0,1,10,0,1,1,1,1,1,2,1,0,1,3,0,1,0,1,1,1,0,3,0,6,0,0,0,2,1,0,2,1,2
274,GCF_018361085.1,Dickeya,dianthicola,0,0,0,0,0,0,0,1,0,2,1,1,1,1,0,2,1,5,1,2,1,2,0,0,2,0,0,2,1,0,8,1,0,3,3,0,1,2,1,1,0,0,1,1,2,1,0,0,1,1,0,1,0,1,1,2,0,0,1,8,0,0,1,1,1,0,2,5,1,1,3,0,1,0,0,1,1,1,4,0,6,0,0,0,1,1,1,2,2,3
275,GCF_016949275.1,Pectobacterium,brasiliense,0,0,1,1,1,0,0,2,0,1,1,1,2,0,0,2,1,10,1,2,1,2,0,1,3,0,0,0,1,0,8,1,0,4,2,0,1,1,1,1,0,1,1,3,1,2,0,0,1,1,0,1,0,0,0,0,0,0,1,8,0,0,1,1,1,0,2,4,1,1,3,0,1,0,0,1,1,0,3,0,6,0,0,0,2,1,0,2,1,2
276,GCF_016949875.1,Pectobacterium,brasiliense,0,0,1,1,1,0,0,2,0,1,1,1,2,0,0,2,1,10,1,2,1,2,0,1,3,0,0,0,1,0,7,1,0,4,2,0,1,1,1,1,0,1,1,3,1,2,0,0,1,1,0,1,0,0,0,0,0,0,1,8,0,0,1,1,1,0,2,4,1,1,3,0,1,0,0,1,1,0,3,0,6,0,0,0,2,1,0,2,1,2
277,GCF_016949195.1,Pectobacterium,brasiliense,0,0,1,0,1,0,0,2,0,1,1,1,2,0,0,2,1,11,1,2,0,2,0,0,3,0,0,0,1,0,6,1,0,4,2,0,1,1,1,1,0,1,1,2,1,2,0,0,1,1,0,1,0,0,0,0,0,0,1,8,0,1,1,1,1,0,2,2,0,1,3,0,1,0,1,1,1,0,4,0,6,0,0,0,2,1,0,2,1,2
278,GCF_003668715.1,Hafnia,alvei,0,0,0,0,0,1,0,2,0,0,0,1,0,0,1,0,1,4,1,1,0,1,0,0,5,1,0,2,1,1,7,2,0,0,2,0,2,1,0,0,0,3,0,1,0,0,0,0,2,1,0,2,1,0,0,0,0,0,1,9,0,0,1,1,1,0,2,3,0,1,4,0,1,1,1,0,1,0,4,0,0,0,0,1,0,0,0,0,0,0
279,GCF_003571485.1,Pectobacterium,carotovorum,0,0,0,0,1,0,0,2,0,1,1,1,1,0,0,2,1,10,1,1,0,2,0,1,3,0,0,0,1,0,5,1,0,4,2,0,1,1,1,1,0,1,1,2,1,2,0,0,1,1,0,1,0,0,1,0,0,0,1,7,0,0,1,1,1,0,2,3,1,1,3,0,1,0,0,1,1,1,3,0,6,0,0,0,2,1,1,2,1,2
280,GCF_016949955.1,Pectobacterium,carotovorum,0,0,1,0,1,0,0,2,0,1,1,1,1,0,0,2,1,10,1,1,0,2,0,1,3,0,0,0,1,0,7,2,0,4,2,0,1,1,1,1,0,1,1,2,1,2,0,0,1,1,0,1,0,0,1,0,0,0,1,8,0,0,1,1,1,0,2,3,1,1,3,0,1,0,0,1,1,1,2,0,6,0,0,0,2,1,1,2,1,2
